Raw.Name;File.Name;sample;Batch;Plate;Group;Prob.Nr.;Cohort;Time.point;Sex;Age (years);weight (kg);BMI
20231006_TISTOF_EV_droui001_EXT00_131_TRP_P6_P26_C_d7_S2-C10_1_2229;P06_P26_C_d7;P26_C_d7;P06;B03;sample;P26;AICOVI;8;female;56;0;
20231006_TISTOF_EV_droui001_EXT00_136_TRP_P6_P26_C_d14_S2-D3_1_2234;P06_P26_C_d14;P26_C_d14;P06;B03;sample;P26;AICOVI;9;female;56;0;
20231006_TISTOF_EV_droui001_EXT00_140_TRP_P6_P26_C_d0_S2-D6_1_2238;P06_P26_C_d0;P26_C_d0;P06;B03;sample;P26;AICOVI;7;female;56;0;
20231006_TISTOF_EV_droui001_EXT00_132_TRP_P6_P26_B_d14_S2-C11_1_2230;P06_P26_B_d14;P26_B_d14;P06;B03;sample;P26;AICOVI;6;female;55;0;
20231006_TISTOF_EV_droui001_EXT00_133_TRP_P6_P26_B_d0_S2-C12_1_2231;P06_P26_B_d0;P26_B_d0;P06;B03;sample;P26;AICOVI;4;female;55;0;
20231006_TISTOF_EV_droui001_EXT00_134_TRP_P6_P26_B_d7_S2-D1_1_2232;P06_P26_B_d7;P26_B_d7;P06;B03;sample;P26;AICOVI;5;female;55;0;
20231006_TISTOF_EV_droui001_EXT00_135_TRP_P6_P26_A_d7_S2-D2_1_2233;P06_P26_A_d7;P26_A_d7;P06;B03;sample;P26;AICOVI;2;female;55;0;
20231006_TISTOF_EV_droui001_EXT00_137_TRP_P6_P26_A_d14_S2-D4_1_2235;P06_P26_A_d14;P26_A_d14;P06;B03;sample;P26;AICOVI;3;female;55;0;
20231006_TISTOF_EV_droui001_EXT00_139_TRP_P6_P26_A_d0_S2-D5_1_2237;P06_P26_A_d0;P26_A_d0;P06;B03;sample;P26;AICOVI;1;female;55;0;
20231006_TISTOF_EV_droui001_EXT00_096_TRP_P6_P22_C_d0_S2-A2_1_2194;P06_P22_C_d0;P22_C_d0;P06;B03;sample;P22;AICOVI;7;male;36;0;
20231006_TISTOF_EV_droui001_EXT00_100_TRP_P6_P22_C_d7_S2-A6_1_2198;P06_P22_C_d7;P22_C_d7;P06;B03;sample;P22;AICOVI;8;male;36;0;
20231006_TISTOF_EV_droui001_EXT00_104_TRP_P6_P22_C_d14_S2-A10_1_2202;P06_P22_C_d14;P22_C_d14;P06;B03;sample;P22;AICOVI;9;male;36;0;
20231006_TISTOF_EV_droui001_EXT00_097_TRP_P6_P22_B_d14_S2-A3_1_2195;P06_P22_B_d14;P22_B_d14;P06;B03;sample;P22;AICOVI;6;male;35;0;
20231006_TISTOF_EV_droui001_EXT00_098_TRP_P6_P22_B_d0_S2-A4_1_2196;P06_P22_B_d0;P22_B_d0;P06;B03;sample;P22;AICOVI;4;male;35;0;
20231006_TISTOF_EV_droui001_EXT00_099_TRP_P6_P22_A_d7_S2-A5_1_2197;P06_P22_A_d7;P22_A_d7;P06;B03;sample;P22;AICOVI;2;male;35;0;
20231006_TISTOF_EV_droui001_EXT00_101_TRP_P6_P22_A_d0_S2-A7_1_2199;P06_P22_A_d0;P22_A_d0;P06;B03;sample;P22;AICOVI;1;male;35;0;
20231006_TISTOF_EV_droui001_EXT00_102_TRP_P6_P22_A_d14_S2-A8_1_2200;P06_P22_A_d14;P22_A_d14;P06;B03;sample;P22;AICOVI;3;male;35;0;
20231006_TISTOF_EV_droui001_EXT00_103_TRP_P6_P22_B_d7_S2-A9_1_2201;P06_P22_B_d7;P22_B_d7;P06;B03;sample;P22;AICOVI;5;male;35;0;
20231006_TISTOF_EV_droui001_EXT00_069_TRP_P5_P19_C_d0_S1-E12_1_2167;P05_P19_C_d0;P19_C_d0;P05;B03;sample;P19;AICOVI;7;female;45;0;
20231006_TISTOF_EV_droui001_EXT00_075_TRP_P5_P19_C_d14_S1-F5_1_2173;P05_P19_C_d14;P19_C_d14;P05;B03;sample;P19;AICOVI;9;female;45;0;
20231006_TISTOF_EV_droui001_EXT00_076_TRP_P5_P19_C_d7_S1-F6_1_2174;P05_P19_C_d7;P19_C_d7;P05;B03;sample;P19;AICOVI;8;female;45;0;
20231006_TISTOF_EV_droui001_EXT00_071_TRP_P5_P19_A_d7_S1-F1_1_2169;P05_P19_A_d7;P19_A_d7;P05;B03;sample;P19;AICOVI;2;female;44;0;
20231006_TISTOF_EV_droui001_EXT00_072_TRP_P5_P19_B_d14_S1-F2_1_2170;P05_P19_B_d14;P19_B_d14;P05;B03;sample;P19;AICOVI;6;female;44;0;
20231006_TISTOF_EV_droui001_EXT00_073_TRP_P5_P19_B_d7_S1-F3_1_2171;P05_P19_B_d7;P19_B_d7;P05;B03;sample;P19;AICOVI;5;female;44;0;
20231006_TISTOF_EV_droui001_EXT00_074_TRP_P5_P19_B_d0_S1-F4_1_2172;P05_P19_B_d0;P19_B_d0;P05;B03;sample;P19;AICOVI;4;female;44;0;
20231006_TISTOF_EV_droui001_EXT00_077_TRP_P5_P19_A_d14_S1-F7_1_2175;P05_P19_A_d14;P19_A_d14;P05;B03;sample;P19;AICOVI;3;female;44;0;
20231006_TISTOF_EV_droui001_EXT00_078_TRP_P5_P19_A_d0_S1-F8_1_2176;P05_P19_A_d0;P19_A_d0;P05;B03;sample;P19;AICOVI;1;female;44;0;
20231006_TISTOF_EV_droui001_EXT00_050_TRP_P5_P13_C_d7_S1-D6_1_2148;P05_P13_C_d7;P13_C_d7;P05;B03;sample;P13;AICOVI;8;male;47;0;
20231006_TISTOF_EV_droui001_EXT00_052_TRP_P5_P13_C_d14_S1-D8_1_2150;P05_P13_C_d14;P13_C_d14;P05;B03;sample;P13;AICOVI;9;male;47;0;
20231006_TISTOF_EV_droui001_EXT00_054_TRP_P5_P13_C_d0_S1-D10_1_2152;P05_P13_C_d0;P13_C_d0;P05;B03;sample;P13;AICOVI;7;male;47;0;
20231006_TISTOF_EV_droui001_EXT00_044_TRP_P5_P13_A_d14_S1-D1_1_2142;P05_P13_A_d14;P13_A_d14;P05;B03;sample;P13;AICOVI;3;male;46;0;
20231006_TISTOF_EV_droui001_EXT00_045_TRP_P5_P13_A_d0_S1-D2_1_2143;P05_P13_A_d0;P13_A_d0;P05;B03;sample;P13;AICOVI;1;male;46;0;
20231006_TISTOF_EV_droui001_EXT00_046_TRP_P5_P13_B_d7_S1-D3_1_2144;P05_P13_B_d7;P13_B_d7;P05;B03;sample;P13;AICOVI;5;male;46;0;
20231006_TISTOF_EV_droui001_EXT00_047_TRP_P5_P13_B_d14_S1-D4_1_2145;P05_P13_B_d14;P13_B_d14;P05;B03;sample;P13;AICOVI;6;male;46;0;
20231006_TISTOF_EV_droui001_EXT00_049_TRP_P5_P13_B_d0_S1-D5_1_2147;P05_P13_B_d0;P13_B_d0;P05;B03;sample;P13;AICOVI;4;male;46;0;
20231006_TISTOF_EV_droui001_EXT00_053_TRP_P5_P13_A_d7_S1-D9_1_2151;P05_P13_A_d7;P13_A_d7;P05;B03;sample;P13;AICOVI;2;male;46;0;
20231002_TISTOF_EV_droui001_EXT00_159_TRP_P4_P12_A_d0_S2-E12_1_2068;P04_P12_A_d0;P12_A_d0;P04;B02;sample;P12;AICOVI;1;female;47;0;
20231002_TISTOF_EV_droui001_EXT00_161_TRP_P4_P12_A_d14_S2-F1_1_2070;P04_P12_A_d14;P12_A_d14;P04;B02;sample;P12;AICOVI;3;female;47;0;
20231002_TISTOF_EV_droui001_EXT00_162_TRP_P4_P12_A_d7_S2-F2_1_2071;P04_P12_A_d7;P12_A_d7;P04;B02;sample;P12;AICOVI;2;female;47;0;
20231002_TISTOF_EV_droui001_EXT00_163_TRP_P4_P12_B_d0_S2-F3_1_2072;P04_P12_B_d0;P12_B_d0;P04;B02;sample;P12;AICOVI;4;female;47;0;
20231002_TISTOF_EV_droui001_EXT00_164_TRP_P4_P12_B_d14_S2-F4_1_2073;P04_P12_B_d14;P12_B_d14;P04;B02;sample;P12;AICOVI;6;female;47;0;
20231002_TISTOF_EV_droui001_EXT00_165_TRP_P4_P12_B_d7_S2-F5_1_2074;P04_P12_B_d7;P12_B_d7;P04;B02;sample;P12;AICOVI;5;female;47;0;
20231002_TISTOF_EV_droui001_EXT00_166_TRP_P4_P12_C_d0_S2-F6_1_2075;P04_P12_C_d0;P12_C_d0;P04;B02;sample;P12;AICOVI;7;female;47;0;
20231002_TISTOF_EV_droui001_EXT00_167_TRP_P4_P12_C_d14_S2-F7_1_2076;P04_P12_C_d14;P12_C_d14;P04;B02;sample;P12;AICOVI;9;female;47;0;
20231002_TISTOF_EV_droui001_EXT00_168_TRP_P4_P12_C_d7_S2-F8_1_2077;P04_P12_C_d7;P12_C_d7;P04;B02;sample;P12;AICOVI;8;female;47;0;
20231002_TISTOF_EV_droui001_EXT00_006_TRP_P3_P09_C_d7_S1-A2_1_1914;P03_P09_C_d7;P09_C_d7;P03;B02;sample;P09;AICOVI;8;male;55;0;
20231002_TISTOF_EV_droui001_EXT00_007_TRP_P3_P09_C_d0_S1-A3_1_1915;P03_P09_C_d0;P09_C_d0;P03;B02;sample;P09;AICOVI;7;male;55;0;
20231002_TISTOF_EV_droui001_EXT00_009_TRP_P3_P09_C_d14_S1-A5_1_1917;P03_P09_C_d14;P09_C_d14;P03;B02;sample;P09;AICOVI;9;male;55;0;
20231002_TISTOF_EV_droui001_EXT00_008_TRP_P3_P09_A_d0_S1-A4_1_1916;P03_P09_A_d0;P09_A_d0;P03;B02;sample;P09;AICOVI;1;male;54;0;
20231002_TISTOF_EV_droui001_EXT00_010_TRP_P3_P09_B_d14_S1-A6_1_1918;P03_P09_B_d14;P09_B_d14;P03;B02;sample;P09;AICOVI;6;male;54;0;
20231002_TISTOF_EV_droui001_EXT00_011_TRP_P3_P09_A_d14_S1-A7_1_1919;P03_P09_A_d14;P09_A_d14;P03;B02;sample;P09;AICOVI;3;male;54;0;
20231002_TISTOF_EV_droui001_EXT00_012_TRP_P3_P09_B_d0_S1-A8_1_1920;P03_P09_B_d0;P09_B_d0;P03;B02;sample;P09;AICOVI;4;male;54;0;
20231002_TISTOF_EV_droui001_EXT00_013_TRP_P3_P09_A_d7_S1-A9_1_1921;P03_P09_A_d7;P09_A_d7;P03;B02;sample;P09;AICOVI;2;male;54;0;
20231002_TISTOF_EV_droui001_EXT00_014_TRP_P3_P09_B_d7_S1-A10_1_1922;P03_P09_B_d7;P09_B_d7;P03;B02;sample;P09;AICOVI;5;male;54;0;
20231002_TISTOF_EV_droui001_EXT00_042_TRP_P3_P06_C_d0_S1-C11_1_1950;P03_P06_C_d0;P06_C_d0;P03;B02;sample;P06;AICOVI;7;female;56;0;
20231002_TISTOF_EV_droui001_EXT00_043_TRP_P3_P06_C_d7_S1-C12_1_1951;P03_P06_C_d7;P06_C_d7;P03;B02;sample;P06;AICOVI;8;female;56;0;
20231002_TISTOF_EV_droui001_EXT00_046_TRP_P3_P06_C_d14_S1-D3_1_1954;P03_P06_C_d14;P06_C_d14;P03;B02;sample;P06;AICOVI;9;female;56;0;
20231002_TISTOF_EV_droui001_EXT00_041_TRP_P3_P06_B_d0_S1-C10_1_1949;P03_P06_B_d0;P06_B_d0;P03;B02;sample;P06;AICOVI;4;female;55;0;
20231002_TISTOF_EV_droui001_EXT00_044_TRP_P3_P06_B_d14_S1-D1_1_1952;P03_P06_B_d14;P06_B_d14;P03;B02;sample;P06;AICOVI;6;female;55;0;
20231002_TISTOF_EV_droui001_EXT00_045_TRP_P3_P06_A_d0_S1-D2_1_1953;P03_P06_A_d0;P06_A_d0;P03;B02;sample;P06;AICOVI;1;female;55;0;
20231002_TISTOF_EV_droui001_EXT00_047_TRP_P3_P06_A_d7_S1-D4_1_1955;P03_P06_A_d7;P06_A_d7;P03;B02;sample;P06;AICOVI;2;female;55;0;
20231002_TISTOF_EV_droui001_EXT00_049_TRP_P3_P06_B_d7_S1-D5_1_1957;P03_P06_B_d7;P06_B_d7;P03;B02;sample;P06;AICOVI;5;female;55;0;
20231002_TISTOF_EV_droui001_EXT00_050_TRP_P3_P06_A_d14_S1-D6_1_1958;P03_P06_A_d14;P06_A_d14;P03;B02;sample;P06;AICOVI;3;female;55;0;
20230926_TISTOF_EV_droui001_EXT00_159_TRP_P2_P05_C_d7_S2-E12_1_1879;P02_P05_C_d7;P05_C_d7;P02;B01;sample;P05;AICOVI;8;female;53;0;
20230926_TISTOF_EV_droui001_EXT00_164_TRP_P2_P05_C_d14_S2-F4_1_1884;P02_P05_C_d14;P05_C_d14;P02;B01;sample;P05;AICOVI;9;female;53;0;
20230926_TISTOF_EV_droui001_EXT00_165_TRP_P2_P05_C_D_S2-F5_1_1885;P02_P05_C_D0;P05_C_D0;P02;B01;sample;P05;AICOVI;7;female;53;0;
20230926_TISTOF_EV_droui001_EXT00_161_TRP_P2_P05_B_d7_S2-F1_1_1881;P02_P05_B_d7;P05_B_d7;P02;B01;sample;P05;AICOVI;5;female;52;0;
20230926_TISTOF_EV_droui001_EXT00_162_TRP_P2_P05_B_d14_S2-F2_1_1882;P02_P05_B_d14;P05_B_d14;P02;B01;sample;P05;AICOVI;6;female;52;0;
20230926_TISTOF_EV_droui001_EXT00_163_TRP_P2_P05_A_D_S2-F3_1_1883;P02_P05_A_D0;P05_A_D0;P02;B01;sample;P05;AICOVI;1;female;52;0;
20230926_TISTOF_EV_droui001_EXT00_166_TRP_P2_P05_B_D_S2-F6_1_1886;P02_P05_B_D0;P05_B_D0;P02;B01;sample;P05;AICOVI;4;female;52;0;
20230926_TISTOF_EV_droui001_EXT00_167_TRP_P2_P05_A_d7_S2-F7_1_1887;P02_P05_A_d7;P05_A_d7;P02;B01;sample;P05;AICOVI;2;female;52;0;
20230926_TISTOF_EV_droui001_EXT00_168_TRP_P2_P05_A_d14_S2-F8_1_1888;P02_P05_A_d14;P05_A_d14;P02;B01;sample;P05;AICOVI;3;female;52;0;
20230926_TISTOF_EV_droui001_EXT00_136_TRP_P2_P04_C_D_S2-D3_1_1856;P02_P04_C_D0;P04_C_D0;P02;B01;sample;P04;AICOVI;7;female;55;0;
20230926_TISTOF_EV_droui001_EXT00_137_TRP_P2_P04_C_d14_S2-D4_1_1857;P02_P04_C_d14;P04_C_d14;P02;B01;sample;P04;AICOVI;9;female;55;0;
20230926_TISTOF_EV_droui001_EXT00_144_TRP_P2_P04_C_d7_S2-D10_1_1864;P02_P04_C_d7;P04_C_d7;P02;B01;sample;P04;AICOVI;8;female;55;0;
20230926_TISTOF_EV_droui001_EXT00_134_TRP_P2_P04_A_D_S2-D1_1_1854;P02_P04_A_D0;P04_A_D0;P02;B01;sample;P04;AICOVI;1;female;54;0;
20230926_TISTOF_EV_droui001_EXT00_135_TRP_P2_P04_A_d7_S2-D2_1_1855;P02_P04_A_d7;P04_A_d7;P02;B01;sample;P04;AICOVI;2;female;54;0;
20230926_TISTOF_EV_droui001_EXT00_139_TRP_P2_P04_B_d7_S2-D5_1_1859;P02_P04_B_d7;P04_B_d7;P02;B01;sample;P04;AICOVI;5;female;54;0;
20230926_TISTOF_EV_droui001_EXT00_140_TRP_P2_P04_A_d14_S2-D6_1_1860;P02_P04_A_d14;P04_A_d14;P02;B01;sample;P04;AICOVI;3;female;54;0;
20230926_TISTOF_EV_droui001_EXT00_142_TRP_P2_P04_B_d14_S2-D8_1_1862;P02_P04_B_d14;P04_B_d14;P02;B01;sample;P04;AICOVI;6;female;54;0;
20230926_TISTOF_EV_droui001_EXT00_143_TRP_P2_P04_B_D_S2-D9_1_1863;P02_P04_B_D0;P04_B_D0;P02;B01;sample;P04;AICOVI;4;female;54;0;
20230926_TISTOF_EV_droui001_EXT00_055_TRP_P1_P03_C_d14_S1-D11_1_1775;P01_P03_C_d14;P03_C_d14;P01;B01;sample;P03;AICOVI;9;female;36;0;
20230926_TISTOF_EV_droui001_EXT00_056_TRP_P1_P03_C_D_S1-D12_1_1776;P01_P03_C_D0;P03_C_D0;P01;B01;sample;P03;AICOVI;7;female;36;0;
20230926_TISTOF_EV_droui001_EXT00_057_TRP_P1_P03_A_d14_S1-E1_1_1777;P01_P03_A_d14;P03_A_d14;P01;B01;sample;P03;AICOVI;3;female;36;0;
20230926_TISTOF_EV_droui001_EXT00_058_TRP_P1_P03_A_D_S1-E2_1_1778;P01_P03_A_D0;P03_A_D0;P01;B01;sample;P03;AICOVI;1;female;36;0;
20230926_TISTOF_EV_droui001_EXT00_060_TRP_P1_P03_C_d7_S1-E3_1_1780;P01_P03_C_d7;P03_C_d7;P01;B01;sample;P03;AICOVI;8;female;36;0;
20230926_TISTOF_EV_droui001_EXT00_061_TRP_P1_P03_B_D_S1-E4_1_1781;P01_P03_B_D0;P03_B_D0;P01;B01;sample;P03;AICOVI;4;female;36;0;
20230926_TISTOF_EV_droui001_EXT00_062_TRP_P1_P03_A_d7_S1-E5_1_1782;P01_P03_A_d7;P03_A_d7;P01;B01;sample;P03;AICOVI;2;female;36;0;
20230926_TISTOF_EV_droui001_EXT00_063_TRP_P1_P03_B_d14_S1-E6_1_1783;P01_P03_B_d14;P03_B_d14;P01;B01;sample;P03;AICOVI;6;female;36;0;
20230926_TISTOF_EV_droui001_EXT00_064_TRP_P1_P03_B_d7_S1-E7_1_1784;P01_P03_B_d7;P03_B_d7;P01;B01;sample;P03;AICOVI;5;female;36;0;
20230926_TISTOF_EV_droui001_EXT00_021_TRP_P1_P01_C_d14_S1-B4_1_1741;P01_P01_C_d14;P01_C_d14;P01;B01;sample;P01;AICOVI;9;male;39;0;
20230926_TISTOF_EV_droui001_EXT00_024_TRP_P1_P01_C_D_S1-B7_1_1744;P01_P01_C_D0;P01_C_D0;P01;B01;sample;P01;AICOVI;7;male;39;0;
20230926_TISTOF_EV_droui001_EXT00_025_TRP_P1_P01_C_d7_S1-B8_1_1745;P01_P01_C_d7;P01_C_d7;P01;B01;sample;P01;AICOVI;8;male;39;0;
20230926_TISTOF_EV_droui001_EXT00_017_TRP_P1_P01_A_d14_S1-A12_1_1737;P01_P01_A_d14;P01_A_d14;P01;B01;sample;P01;AICOVI;3;male;38;0;
20230926_TISTOF_EV_droui001_EXT00_018_TRP_P1_P01_B_d14_S1-B1_1_1738;P01_P01_B_d14;P01_B_d14;P01;B01;sample;P01;AICOVI;6;male;38;0;
20230926_TISTOF_EV_droui001_EXT00_019_TRP_P1_P01_A_d7_S1-B2_1_1739;P01_P01_A_d7;P01_A_d7;P01;B01;sample;P01;AICOVI;2;male;38;0;
20230926_TISTOF_EV_droui001_EXT00_022_TRP_P1_P01_B_D_S1-B5_1_1742;P01_P01_B_D0;P01_B_D0;P01;B01;sample;P01;AICOVI;4;male;38;0;
20230926_TISTOF_EV_droui001_EXT00_023_TRP_P1_P01_B_d7_S1-B6_1_1743;P01_P01_B_d7;P01_B_d7;P01;B01;sample;P01;AICOVI;5;male;38;0;
20230926_TISTOF_EV_droui001_EXT00_027_TRP_P1_P01_A_D_S1-B9_1_1747;P01_P01_A_D0;P01_A_D0;P01;B01;sample;P01;AICOVI;1;male;38;0;
20230926_TISTOF_EV_droui001_EXT00_065_TRP_P1_Trp8_8_S1-E8_1_1785;P01_TrP08_8;Trp8_8;P01;B01;sample;8;TIMES;8;male;44;94;29.01
20230926_TISTOF_EV_droui001_EXT00_067_TRP_P1_Trp2_8_S1-E10_1_1787;P01_TrP02_8;Trp2_8;P01;B01;sample;8;TIMES;2;male;44;94;29.01
20230926_TISTOF_EV_droui001_EXT00_068_TRP_P1_Trp3_8_S1-E11_1_1788;P01_TrP03_8;Trp3_8;P01;B01;sample;8;TIMES;3;male;44;94;29.01
20230926_TISTOF_EV_droui001_EXT00_069_TRP_P1_Trp4_8_S1-E12_1_1789;P01_TrP04_8;Trp4_8;P01;B01;sample;8;TIMES;4;male;44;94;29.01
20230926_TISTOF_EV_droui001_EXT00_071_TRP_P1_Trp1_8_S1-F1_1_1791;P01_TrP01_8;Trp1_8;P01;B01;sample;8;TIMES;1;male;44;94;29.01
20230926_TISTOF_EV_droui001_EXT00_072_TRP_P1_Trp6_8_S1-F2_1_1792;P01_TrP06_8;Trp6_8;P01;B01;sample;8;TIMES;6;male;44;94;29.01
20230926_TISTOF_EV_droui001_EXT00_073_TRP_P1_Trp12_8_S1-F3_1_1793;P01_Trp12_8;Trp12_8;P01;B01;sample;8;TIMES;12;male;44;94;29.01
20230926_TISTOF_EV_droui001_EXT00_074_TRP_P1_Trp9_8_S1-F4_1_1794;P01_TrP09_8;Trp9_8;P01;B01;sample;8;TIMES;9;male;44;94;29.01
20230926_TISTOF_EV_droui001_EXT00_075_TRP_P1_Trp5_8_S1-F5_1_1795;P01_TrP05_8;Trp5_8;P01;B01;sample;8;TIMES;5;male;44;94;29.01
20230926_TISTOF_EV_droui001_EXT00_076_TRP_P1_Trp10_8_S1-F6_1_1796;P01_Trp10_8;Trp10_8;P01;B01;sample;8;TIMES;10;male;44;94;29.01
20230926_TISTOF_EV_droui001_EXT00_077_TRP_P1_Trp11_8_S1-F7_1_1797;P01_Trp11_8;Trp11_8;P01;B01;sample;8;TIMES;11;male;44;94;29.01
20230926_TISTOF_EV_droui001_EXT00_078_TRP_P1_Trp7_8_S1-F8_1_1798;P01_TrP07_8;Trp7_8;P01;B01;sample;8;TIMES;7;male;44;94;29.01
20231117_TISTOF_EV_droui001_EXT00_019_TRP_P9_Trp7_7_S1-B2_1_2819;P09_TrP07_7;Trp7_7;P09;B05;sample;7;TIMES;7;female;45;63;24.3
20231117_TISTOF_EV_droui001_EXT00_021_TRP_P9_Trp6_7_S1-B4_1_2821;P09_TrP06_7;Trp6_7;P09;B05;sample;7;TIMES;6;female;45;63;24.3
20231117_TISTOF_EV_droui001_EXT00_022_TRP_P9_Trp11_7_S1-B5_1_2822;P09_Trp11_7;Trp11_7;P09;B05;sample;7;TIMES;11;female;45;63;24.3
20231117_TISTOF_EV_droui001_EXT00_023_TRP_P9_Trp4_7_S1-B6_1_2823;P09_TrP04_7;Trp4_7;P09;B05;sample;7;TIMES;4;female;45;63;24.3
20231117_TISTOF_EV_droui001_EXT00_024_TRP_P9_Trp10_7_S1-B7_1_2824;P09_Trp10_7;Trp10_7;P09;B05;sample;7;TIMES;10;female;45;63;24.3
20231117_TISTOF_EV_droui001_EXT00_025_TRP_P9_Trp1_7_S1-B8_1_2825;P09_TrP01_7;Trp1_7;P09;B05;sample;7;TIMES;1;female;45;63;24.3
20231117_TISTOF_EV_droui001_EXT00_027_TRP_P9_Trp2_7_S1-B9_1_2827;P09_TrP02_7;Trp2_7;P09;B05;sample;7;TIMES;2;female;45;63;24.3
20231117_TISTOF_EV_droui001_EXT00_028_TRP_P9_Trp12_7_S1-B10_1_2828;P09_Trp12_7;Trp12_7;P09;B05;sample;7;TIMES;12;female;45;63;24.3
20231117_TISTOF_EV_droui001_EXT00_029_TRP_P9_Trp5_7_S1-B11_1_2829;P09_TrP05_7;Trp5_7;P09;B05;sample;7;TIMES;5;female;45;63;24.3
20231117_TISTOF_EV_droui001_EXT00_030_TRP_P9_Trp8_7_S1-B12_1_2830;P09_TrP08_7;Trp8_7;P09;B05;sample;7;TIMES;8;female;45;63;24.3
20231117_TISTOF_EV_droui001_EXT00_031_TRP_P9_Trp9_7_S1-C1_1_2831;P09_TrP09_7;Trp9_7;P09;B05;sample;7;TIMES;9;female;45;63;24.3
20231117_TISTOF_EV_droui001_EXT00_032_TRP_P9_Trp3_7_S1-C2_1_2832;P09_TrP03_7;Trp3_7;P09;B05;sample;7;TIMES;3;female;45;63;24.3
20231006_TISTOF_EV_droui001_EXT00_079_TRP_P5_Trp1_6_S1-F9_1_2177;P05_TrP01_6;Trp1_6;P05;B03;sample;6;TIMES;1;male;25;90;25.2
20231006_TISTOF_EV_droui001_EXT00_080_TRP_P5_Trp5_6_S1-F10_1_2178;P05_TrP05_6;Trp5_6;P05;B03;sample;6;TIMES;5;male;25;90;25.2
20231006_TISTOF_EV_droui001_EXT00_083_TRP_P5_Trp11_6_S1-F12_1_2181;P05_Trp11_6;Trp11_6;P05;B03;sample;6;TIMES;11;male;25;90;25.2
20231006_TISTOF_EV_droui001_EXT00_084_TRP_P5_Trp10_6_S1-G1_1_2182;P05_Trp10_6;Trp10_6;P05;B03;sample;6;TIMES;10;male;25;90;25.2
20231006_TISTOF_EV_droui001_EXT00_085_TRP_P5_Trp4_6_S1-G2_1_2183;P05_TrP04_6;Trp4_6;P05;B03;sample;6;TIMES;4;male;25;90;25.2
20231006_TISTOF_EV_droui001_EXT00_086_TRP_P5_Trp9_6_S1-G3_1_2184;P05_TrP09_6;Trp9_6;P05;B03;sample;6;TIMES;9;male;25;90;25.2
20231006_TISTOF_EV_droui001_EXT00_087_TRP_P5_Trp7_6_S1-G4_1_2185;P05_TrP07_6;Trp7_6;P05;B03;sample;6;TIMES;7;male;25;90;25.2
20231006_TISTOF_EV_droui001_EXT00_088_TRP_P5_Trp12_6_S1-G5_1_2186;P05_Trp12_6;Trp12_6;P05;B03;sample;6;TIMES;12;male;25;90;25.2
20231006_TISTOF_EV_droui001_EXT00_089_TRP_P5_Trp8_6_S1-G6_1_2187;P05_TrP08_6;Trp8_6;P05;B03;sample;6;TIMES;8;male;25;90;25.2
20231006_TISTOF_EV_droui001_EXT00_090_TRP_P5_Trp6_6_S1-G7_1_2188;P05_TrP06_6;Trp6_6;P05;B03;sample;6;TIMES;6;male;25;90;25.2
20231006_TISTOF_EV_droui001_EXT00_091_TRP_P5_Trp2_6_S1-G8_1_2189;P05_TrP02_6;Trp2_6;P05;B03;sample;6;TIMES;2;male;25;90;25.2
20231006_TISTOF_EV_droui001_EXT00_092_TRP_P5_Trp3_6_S1-G9_1_2190;P05_TrP03_6;Trp3_6;P05;B03;sample;6;TIMES;3;male;25;90;25.2
20231006_TISTOF_EV_droui001_EXT00_006_TRP_P5_Trp4_56_S1-A2_1_2104;P05_TrP04_56;Trp4_56;P05;B03;sample;56;TIMES;4;female;38;63;21.55
20231006_TISTOF_EV_droui001_EXT00_007_TRP_P5_Trp6_56_S1-A3_1_2105;P05_TrP06_56;Trp6_56;P05;B03;sample;56;TIMES;6;female;38;63;21.55
20231006_TISTOF_EV_droui001_EXT00_008_TRP_P5_Trp9_56_S1-A4_1_2106;P05_TrP09_56;Trp9_56;P05;B03;sample;56;TIMES;9;female;38;63;21.55
20231006_TISTOF_EV_droui001_EXT00_009_TRP_P5_Trp11_56_S1-A5_1_2107;P05_Trp11_56;Trp11_56;P05;B03;sample;56;TIMES;11;female;38;63;21.55
20231006_TISTOF_EV_droui001_EXT00_010_TRP_P5_Trp8_56_S1-A6_1_2108;P05_TrP08_56;Trp8_56;P05;B03;sample;56;TIMES;8;female;38;63;21.55
20231006_TISTOF_EV_droui001_EXT00_011_TRP_P5_Trp7_56_S1-A7_1_2109;P05_TrP07_56;Trp7_56;P05;B03;sample;56;TIMES;7;female;38;63;21.55
20231006_TISTOF_EV_droui001_EXT00_012_TRP_P5_Trp12_56_S1-A8_1_2110;P05_Trp12_56;Trp12_56;P05;B03;sample;56;TIMES;12;female;38;63;21.55
20231006_TISTOF_EV_droui001_EXT00_013_TRP_P5_Trp10_56_S1-A9_1_2111;P05_Trp10_56;Trp10_56;P05;B03;sample;56;TIMES;10;female;38;63;21.55
20231006_TISTOF_EV_droui001_EXT00_014_TRP_P5_Trp5_56_S1-A10_1_2112;P05_TrP05_56;Trp5_56;P05;B03;sample;56;TIMES;5;female;38;63;21.55
20230926_TISTOF_EV_droui001_EXT00_006_TRP_P1_Trp8_55_S1-A2_1_1726;P01_TrP08_55;Trp8_55;P01;B01;sample;55;TIMES;8;female;19;58.5;21.49
20230926_TISTOF_EV_droui001_EXT00_007_TRP_P1_Trp7_55_S1-A3_1_1727;P01_TrP07_55;Trp7_55;P01;B01;sample;55;TIMES;7;female;19;58.5;21.49
20230926_TISTOF_EV_droui001_EXT00_008_TRP_P1_Trp10_55_S1-A4_1_1728;P01_Trp10_55;Trp10_55;P01;B01;sample;55;TIMES;10;female;19;58.5;21.49
20230926_TISTOF_EV_droui001_EXT00_009_TRP_P1_Trp4_55_S1-A5_1_1729;P01_TrP04_55;Trp4_55;P01;B01;sample;55;TIMES;4;female;19;58.5;21.49
20230926_TISTOF_EV_droui001_EXT00_010_TRP_P1_Trp6_55_S1-A6_1_1730;P01_TrP06_55;Trp6_55;P01;B01;sample;55;TIMES;6;female;19;58.5;21.49
20230926_TISTOF_EV_droui001_EXT00_011_TRP_P1_Trp9_55_S1-A7_1_1731;P01_TrP09_55;Trp9_55;P01;B01;sample;55;TIMES;9;female;19;58.5;21.49
20230926_TISTOF_EV_droui001_EXT00_012_TRP_P1_Trp2_55_S1-A8_1_1732;P01_TrP02_55;Trp2_55;P01;B01;sample;55;TIMES;2;female;19;58.5;21.49
20230926_TISTOF_EV_droui001_EXT00_013_TRP_P1_Trp5_55_S1-A9_1_1733;P01_TrP05_55;Trp5_55;P01;B01;sample;55;TIMES;5;female;19;58.5;21.49
20230926_TISTOF_EV_droui001_EXT00_014_TRP_P1_Trp12_55_S1-A10_1_1734;P01_Trp12_55;Trp12_55;P01;B01;sample;55;TIMES;12;female;19;58.5;21.49
20230926_TISTOF_EV_droui001_EXT00_016_TRP_P1_Trp3_55_S1-A11_1_1736;P01_TrP03_55;Trp3_55;P01;B01;sample;55;TIMES;3;female;19;58.5;21.49
20231006_TISTOF_EV_droui001_EXT00_169_TRP_P6_Trp4_54_S2-F9_1_2267;P06_TrP04_54;Trp4_54;P06;B03;sample;54;TIMES;4;female;27;65;26.04
20231006_TISTOF_EV_droui001_EXT00_170_TRP_P6_Trp12_54_S2-F10_1_2268;P06_Trp12_54;Trp12_54;P06;B03;sample;54;TIMES;12;female;27;65;26.04
20231006_TISTOF_EV_droui001_EXT00_173_TRP_P6_Trp1_54_S2-F12_1_2271;P06_TrP01_54;Trp1_54;P06;B03;sample;54;TIMES;1;female;27;65;26.04
20231006_TISTOF_EV_droui001_EXT00_174_TRP_P6_Trp8_54_S2-G1_1_2272;P06_TrP08_54;Trp8_54;P06;B03;sample;54;TIMES;8;female;27;65;26.04
20231006_TISTOF_EV_droui001_EXT00_175_TRP_P6_Trp10_54_S2-G2_1_2273;P06_Trp10_54;Trp10_54;P06;B03;sample;54;TIMES;10;female;27;65;26.04
20231006_TISTOF_EV_droui001_EXT00_176_TRP_P6_Trp5_54_S2-G3_1_2274;P06_TrP05_54;Trp5_54;P06;B03;sample;54;TIMES;5;female;27;65;26.04
20231006_TISTOF_EV_droui001_EXT00_177_TRP_P6_Trp7_54_S2-G4_1_2275;P06_TrP07_54;Trp7_54;P06;B03;sample;54;TIMES;7;female;27;65;26.04
20231006_TISTOF_EV_droui001_EXT00_178_TRP_P6_Trp2_54_S2-G5_1_2276;P06_TrP02_54;Trp2_54;P06;B03;sample;54;TIMES;2;female;27;65;26.04
20231006_TISTOF_EV_droui001_EXT00_179_TRP_P6_Trp3_54_S2-G6_1_2277;P06_TrP03_54;Trp3_54;P06;B03;sample;54;TIMES;3;female;27;65;26.04
20231006_TISTOF_EV_droui001_EXT00_180_TRP_P6_Trp6_54_S2-G7_1_2278;P06_TrP06_54;Trp6_54;P06;B03;sample;54;TIMES;6;female;27;65;26.04
20231006_TISTOF_EV_droui001_EXT00_181_TRP_P6_Trp11_54_S2-G8_1_2279;P06_Trp11_54;Trp11_54;P06;B03;sample;54;TIMES;11;female;27;65;26.04
20231006_TISTOF_EV_droui001_EXT00_182_TRP_P6_Trp9_54_S2-G9_1_2280;P06_TrP09_54;Trp9_54;P06;B03;sample;54;TIMES;9;female;27;65;26.04
20231013_TISTOF_EV_droui001_EXT00_019_TRP_P7_Trp7_53_S1-B2_1_2448;P07_TrP07_53;Trp7_53;P07;B04;sample;53;TIMES;7;female;55;60;23.44
20231013_TISTOF_EV_droui001_EXT00_021_TRP_P7_Trp8_53_S1-B4_1_2450;P07_TrP08_53;Trp8_53;P07;B04;sample;53;TIMES;8;female;55;60;23.44
20231013_TISTOF_EV_droui001_EXT00_022_TRP_P7_Trp10_53_S1-B5_1_2451;P07_Trp10_53;Trp10_53;P07;B04;sample;53;TIMES;10;female;55;60;23.44
20231013_TISTOF_EV_droui001_EXT00_023_TRP_P7_Trp12_53_S1-B6_1_2452;P07_Trp12_53;Trp12_53;P07;B04;sample;53;TIMES;12;female;55;60;23.44
20231013_TISTOF_EV_droui001_EXT00_024_TRP_P7_Trp11_53_S1-B7_1_2453;P07_Trp11_53;Trp11_53;P07;B04;sample;53;TIMES;11;female;55;60;23.44
20231013_TISTOF_EV_droui001_EXT00_025_TRP_P7_Trp6_53_S1-B8_1_2454;P07_TrP06_53;Trp6_53;P07;B04;sample;53;TIMES;6;female;55;60;23.44
20231013_TISTOF_EV_droui001_EXT00_027_TRP_P7_Trp4_53_S1-B9_1_2456;P07_TrP04_53;Trp4_53;P07;B04;sample;53;TIMES;4;female;55;60;23.44
20231013_TISTOF_EV_droui001_EXT00_028_TRP_P7_Trp9_53_S1-B10_1_2457;P07_TrP09_53;Trp9_53;P07;B04;sample;53;TIMES;9;female;55;60;23.44
20231013_TISTOF_EV_droui001_EXT00_029_TRP_P7_Trp2_53_S1-B11_1_2458;P07_TrP02_53;Trp2_53;P07;B04;sample;53;TIMES;2;female;55;60;23.44
20231013_TISTOF_EV_droui001_EXT00_030_TRP_P7_Trp3_53_S1-B12_1_2459;P07_TrP03_53;Trp3_53;P07;B04;sample;53;TIMES;3;female;55;60;23.44
20231013_TISTOF_EV_droui001_EXT00_031_TRP_P7_Trp1_53_S1-C1_1_2460;P07_TrP01_53;Trp1_53;P07;B04;sample;53;TIMES;1;female;55;60;23.44
20231013_TISTOF_EV_droui001_EXT00_032_TRP_P7_Trp5_53_S1-C2_1_2461;P07_TrP05_53;Trp5_53;P07;B04;sample;53;TIMES;5;female;55;60;23.44
20231002_TISTOF_EV_droui001_EXT00_145_TRP_P4_Trp12_52_S2-D11_1_2054;P04_Trp12_52;Trp12_52;P04;B02;sample;52;TIMES;12;male;34;72.5;21.65
20231002_TISTOF_EV_droui001_EXT00_146_TRP_P4_Trp1_52_S2-D12_1_2055;P04_TrP01_52;Trp1_52;P04;B02;sample;52;TIMES;1;male;34;72.5;21.65
20231002_TISTOF_EV_droui001_EXT00_147_TRP_P4_Trp7_52_S2-E1_1_2056;P04_TrP07_52;Trp7_52;P04;B02;sample;52;TIMES;7;male;34;72.5;21.65
20231002_TISTOF_EV_droui001_EXT00_148_TRP_P4_Trp4_52_S2-E2_1_2057;P04_TrP04_52;Trp4_52;P04;B02;sample;52;TIMES;4;male;34;72.5;21.65
20231002_TISTOF_EV_droui001_EXT00_150_TRP_P4_Trp11_52_S2-E3_1_2059;P04_Trp11_52;Trp11_52;P04;B02;sample;52;TIMES;11;male;34;72.5;21.65
20231002_TISTOF_EV_droui001_EXT00_151_TRP_P4_Trp3_52_S2-E4_1_2060;P04_TrP03_52;Trp3_52;P04;B02;sample;52;TIMES;3;male;34;72.5;21.65
20231002_TISTOF_EV_droui001_EXT00_152_TRP_P4_Trp8_52_S2-E5_1_2061;P04_TrP08_52;Trp8_52;P04;B02;sample;52;TIMES;8;male;34;72.5;21.65
20231002_TISTOF_EV_droui001_EXT00_153_TRP_P4_Trp2_52_S2-E6_1_2062;P04_TrP02_52;Trp2_52;P04;B02;sample;52;TIMES;2;male;34;72.5;21.65
20231002_TISTOF_EV_droui001_EXT00_154_TRP_P4_Trp6_52_S2-E7_1_2063;P04_TrP06_52;Trp6_52;P04;B02;sample;52;TIMES;6;male;34;72.5;21.65
20231002_TISTOF_EV_droui001_EXT00_155_TRP_P4_Trp5_52_S2-E8_1_2064;P04_TrP05_52;Trp5_52;P04;B02;sample;52;TIMES;5;male;34;72.5;21.65
20231002_TISTOF_EV_droui001_EXT00_157_TRP_P4_Trp10_52_S2-E10_1_2066;P04_Trp10_52;Trp10_52;P04;B02;sample;52;TIMES;10;male;34;72.5;21.65
20231002_TISTOF_EV_droui001_EXT00_158_TRP_P4_Trp9_52_S2-E11_1_2067;P04_TrP09_52;Trp9_52;P04;B02;sample;52;TIMES;9;male;34;72.5;21.65
20231002_TISTOF_EV_droui001_EXT00_079_TRP_P3_Trp8_51_S1-F9_1_1987;P03_TrP08_51;Trp8_51;P03;B02;sample;51;TIMES;8;;;;
20231002_TISTOF_EV_droui001_EXT00_080_TRP_P3_Trp6_51_S1-F10_1_1988;P03_TrP06_51;Trp6_51;P03;B02;sample;51;TIMES;6;;;;
20231002_TISTOF_EV_droui001_EXT00_083_TRP_P3_Trp12_51_S1-F12_1_1991;P03_Trp12_51;Trp12_51;P03;B02;sample;51;TIMES;12;;;;
20231002_TISTOF_EV_droui001_EXT00_084_TRP_P3_Trp10_51_S1-G1_1_1992;P03_Trp10_51;Trp10_51;P03;B02;sample;51;TIMES;10;;;;
20231002_TISTOF_EV_droui001_EXT00_085_TRP_P3_Trp4_51_S1-G2_1_1993;P03_TrP04_51;Trp4_51;P03;B02;sample;51;TIMES;4;;;;
20231002_TISTOF_EV_droui001_EXT00_086_TRP_P3_Trp5_51_S1-G3_1_1994;P03_TrP05_51;Trp5_51;P03;B02;sample;51;TIMES;5;;;;
20231002_TISTOF_EV_droui001_EXT00_087_TRP_P3_Trp7_51_S1-G4_1_1996;P03_TrP07_51;Trp7_51;P03;B02;sample;51;TIMES;7;;;;
20231002_TISTOF_EV_droui001_EXT00_088_TRP_P3_Trp2_51_S1-G5_1_1997;P03_TrP02_51;Trp2_51;P03;B02;sample;51;TIMES;2;;;;
20231002_TISTOF_EV_droui001_EXT00_089_TRP_P3_Trp3_51_S1-G6_1_1998;P03_TrP03_51;Trp3_51;P03;B02;sample;51;TIMES;3;;;;
20231002_TISTOF_EV_droui001_EXT00_090_TRP_P3_Trp1_51_S1-G7_1_1999;P03_TrP01_51;Trp1_51;P03;B02;sample;51;TIMES;1;;;;
20231002_TISTOF_EV_droui001_EXT00_091_TRP_P3_Trp11_51_S1-G8_1_2000;P03_Trp11_51;Trp11_51;P03;B02;sample;51;TIMES;11;;;;
20231002_TISTOF_EV_droui001_EXT00_092_TRP_P3_Trp9_51_S1-G9_1_2001;P03_TrP09_51;Trp9_51;P03;B02;sample;51;TIMES;9;;;;
20231013_TISTOF_EV_droui001_EXT00_093_TRP_P8_Trp5_50_S2-A2_1_2522;P08_TrP05_50;Trp5_50;P08;B04;sample;50;TIMES;5;female;27;53;23.24
20231013_TISTOF_EV_droui001_EXT00_094_TRP_P8_Trp7_50_S2-A3_1_2523;P08_TrP07_50;Trp7_50;P08;B04;sample;50;TIMES;7;female;27;53;23.24
20231013_TISTOF_EV_droui001_EXT00_095_TRP_P8_Trp1_50_S2-A4_1_2524;P08_TrP01_50;Trp1_50;P08;B04;sample;50;TIMES;1;female;27;53;23.24
20231013_TISTOF_EV_droui001_EXT00_096_TRP_P8_Trp4_50_S2-A5_1_2525;P08_TrP04_50;Trp4_50;P08;B04;sample;50;TIMES;4;female;27;53;23.24
20231013_TISTOF_EV_droui001_EXT00_097_TRP_P8_Trp2_50_S2-A6_1_2526;P08_TrP02_50;Trp2_50;P08;B04;sample;50;TIMES;2;female;27;53;23.24
20231013_TISTOF_EV_droui001_EXT00_098_TRP_P8_Trp6_50_S2-A7_1_2527;P08_TrP06_50;Trp6_50;P08;B04;sample;50;TIMES;6;female;27;53;23.24
20231013_TISTOF_EV_droui001_EXT00_099_TRP_P8_Trp8_50_S2-A8_1_2528;P08_TrP08_50;Trp8_50;P08;B04;sample;50;TIMES;8;female;27;53;23.24
20231013_TISTOF_EV_droui001_EXT00_100_TRP_P8_Trp9_50_S2-A9_1_2529;P08_TrP09_50;Trp9_50;P08;B04;sample;50;TIMES;9;female;27;53;23.24
20231013_TISTOF_EV_droui001_EXT00_101_TRP_P8_Trp12_50_S2-A10_1_2530;P08_Trp12_50;Trp12_50;P08;B04;sample;50;TIMES;12;female;27;53;23.24
20231013_TISTOF_EV_droui001_EXT00_103_TRP_P8_Trp11_50_S2-A11_1_2532;P08_Trp11_50;Trp11_50;P08;B04;sample;50;TIMES;11;female;27;53;23.24
20231013_TISTOF_EV_droui001_EXT00_104_TRP_P8_Trp10_50_S2-A12_1_2533;P08_Trp10_50;Trp10_50;P08;B04;sample;50;TIMES;10;female;27;53;23.24
20231013_TISTOF_EV_droui001_EXT00_105_TRP_P8_Trp3_50_S2-B1_1_2534;P08_TrP03_50;Trp3_50;P08;B04;sample;50;TIMES;3;female;27;53;23.24
20230926_TISTOF_EV_droui001_EXT00_096_TRP_P2_Trp5_5_S2-A2_1_1816;P02_TrP05_5;Trp5_5;P02;B01;sample;5;TIMES;5;female;31;51;19.92
20230926_TISTOF_EV_droui001_EXT00_097_TRP_P2_Trp6_5_S2-A3_1_1817;P02_TrP06_5;Trp6_5;P02;B01;sample;5;TIMES;6;female;31;51;19.92
20230926_TISTOF_EV_droui001_EXT00_098_TRP_P2_Trp8_5_S2-A4_1_1818;P02_TrP08_5;Trp8_5;P02;B01;sample;5;TIMES;8;female;31;51;19.92
20230926_TISTOF_EV_droui001_EXT00_099_TRP_P2_Trp1_5_S2-A5_1_1819;P02_TrP01_5;Trp1_5;P02;B01;sample;5;TIMES;1;female;31;51;19.92
20230926_TISTOF_EV_droui001_EXT00_100_TRP_P2_Trp11_5_S2-A6_1_1820;P02_Trp11_5;Trp11_5;P02;B01;sample;5;TIMES;11;female;31;51;19.92
20230926_TISTOF_EV_droui001_EXT00_101_TRP_P2_Trp10_5_S2-A7_1_1821;P02_Trp10_5;Trp10_5;P02;B01;sample;5;TIMES;10;female;31;51;19.92
20230926_TISTOF_EV_droui001_EXT00_102_TRP_P2_Trp2_5_S2-A8_1_1822;P02_TrP02_5;Trp2_5;P02;B01;sample;5;TIMES;2;female;31;51;19.92
20230926_TISTOF_EV_droui001_EXT00_103_TRP_P2_Trp4_5_S2-A9_1_1823;P02_TrP04_5;Trp4_5;P02;B01;sample;5;TIMES;4;female;31;51;19.92
20230926_TISTOF_EV_droui001_EXT00_104_TRP_P2_Trp3_5_S2-A10_1_1824;P02_TrP03_5;Trp3_5;P02;B01;sample;5;TIMES;3;female;31;51;19.92
20230926_TISTOF_EV_droui001_EXT00_106_TRP_P2_Trp9_5_S2-A11_1_1826;P02_TrP09_5;Trp9_5;P02;B01;sample;5;TIMES;9;female;31;51;19.92
20231006_TISTOF_EV_droui001_EXT00_055_TRP_P5_Trp12_49_S1-D11_1_2153;P05_Trp12_49;Trp12_49;P05;B03;sample;49;TIMES;12;female;28;65;21.22
20231006_TISTOF_EV_droui001_EXT00_056_TRP_P5_Trp7_49_S1-D12_1_2154;P05_TrP07_49;Trp7_49;P05;B03;sample;49;TIMES;7;female;28;65;21.22
20231006_TISTOF_EV_droui001_EXT00_057_TRP_P5_Trp4_49_S1-E1_1_2155;P05_TrP04_49;Trp4_49;P05;B03;sample;49;TIMES;4;female;28;65;21.22
20231006_TISTOF_EV_droui001_EXT00_058_TRP_P5_Trp11_49_S1-E2_1_2156;P05_Trp11_49;Trp11_49;P05;B03;sample;49;TIMES;11;female;28;65;21.22
20231006_TISTOF_EV_droui001_EXT00_060_TRP_P5_Trp5_49_S1-E3_1_2158;P05_TrP05_49;Trp5_49;P05;B03;sample;49;TIMES;5;female;28;65;21.22
20231006_TISTOF_EV_droui001_EXT00_061_TRP_P5_Trp2_49_S1-E4_1_2159;P05_TrP02_49;Trp2_49;P05;B03;sample;49;TIMES;2;female;28;65;21.22
20231006_TISTOF_EV_droui001_EXT00_062_TRP_P5_Trp10_49_S1-E5_1_2160;P05_Trp10_49;Trp10_49;P05;B03;sample;49;TIMES;10;female;28;65;21.22
20231006_TISTOF_EV_droui001_EXT00_063_TRP_P5_Trp3_49_S1-E6_1_2161;P05_TrP03_49;Trp3_49;P05;B03;sample;49;TIMES;3;female;28;65;21.22
20231006_TISTOF_EV_droui001_EXT00_064_TRP_P5_Trp8_49_S1-E7_1_2162;P05_TrP08_49;Trp8_49;P05;B03;sample;49;TIMES;8;female;28;65;21.22
20231006_TISTOF_EV_droui001_EXT00_065_TRP_P5_Trp1_49_S1-E8_1_2163;P05_TrP01_49;Trp1_49;P05;B03;sample;49;TIMES;1;female;28;65;21.22
20231006_TISTOF_EV_droui001_EXT00_067_TRP_P5_Trp9_49_S1-E10_1_2165;P05_TrP09_49;Trp9_49;P05;B03;sample;49;TIMES;9;female;28;65;21.22
20231006_TISTOF_EV_droui001_EXT00_068_TRP_P5_Trp6_49_S1-E11_1_2166;P05_TrP06_49;Trp6_49;P05;B03;sample;49;TIMES;6;female;28;65;21.22
20231006_TISTOF_EV_droui001_EXT00_030_TRP_P5_Trp1_48_S1-B12_1_2128;P05_TrP01_48;Trp1_48;P05;B03;sample;48;TIMES;1;female;33;60;22.04
20231006_TISTOF_EV_droui001_EXT00_031_TRP_P5_Trp10_48_S1-C1_1_2129;P05_Trp10_48;Trp10_48;P05;B03;sample;48;TIMES;10;female;33;60;22.04
20231006_TISTOF_EV_droui001_EXT00_032_TRP_P5_Trp9_48_S1-C2_1_2130;P05_TrP09_48;Trp9_48;P05;B03;sample;48;TIMES;9;female;33;60;22.04
20231006_TISTOF_EV_droui001_EXT00_033_TRP_P5_Trp11_48_S1-C3_1_2131;P05_Trp11_48;Trp11_48;P05;B03;sample;48;TIMES;11;female;33;60;22.04
20231006_TISTOF_EV_droui001_EXT00_034_TRP_P5_Trp3_48_S1-C4_1_2132;P05_TrP03_48;Trp3_48;P05;B03;sample;48;TIMES;3;female;33;60;22.04
20231006_TISTOF_EV_droui001_EXT00_036_TRP_P5_Trp6_48_S1-C6_1_2134;P05_TrP06_48;Trp6_48;P05;B03;sample;48;TIMES;6;female;33;60;22.04
20231006_TISTOF_EV_droui001_EXT00_038_TRP_P5_Trp5_48_S1-C7_1_2136;P05_TrP05_48;Trp5_48;P05;B03;sample;48;TIMES;5;female;33;60;22.04
20231006_TISTOF_EV_droui001_EXT00_039_TRP_P5_Trp7_48_S1-C8_1_2137;P05_TrP07_48;Trp7_48;P05;B03;sample;48;TIMES;7;female;33;60;22.04
20231006_TISTOF_EV_droui001_EXT00_040_TRP_P5_Trp12_48_S1-C9_1_2138;P05_Trp12_48;Trp12_48;P05;B03;sample;48;TIMES;12;female;33;60;22.04
20231006_TISTOF_EV_droui001_EXT00_041_TRP_P5_Trp2_48_S1-C10_1_2139;P05_TrP02_48;Trp2_48;P05;B03;sample;48;TIMES;2;female;33;60;22.04
20231006_TISTOF_EV_droui001_EXT00_042_TRP_P5_Trp4_48_S1-C11_1_2140;P05_TrP04_48;Trp4_48;P05;B03;sample;48;TIMES;4;female;33;60;22.04
20231006_TISTOF_EV_droui001_EXT00_043_TRP_P5_Trp8_48_S1-C12_1_2141;P05_TrP08_48;Trp8_48;P05;B03;sample;48;TIMES;8;female;33;60;22.04
20231117_TISTOF_EV_droui001_EXT00_006_TRP_P9_Trp7_47_S1-A2_1_2806;P09_TrP07_47;Trp7_47;P09;B05;sample;47;TIMES;7;male;38;70;22.86
20231117_TISTOF_EV_droui001_EXT00_007_TRP_P9_Trp11_47_S1-A3_1_2807;P09_Trp11_47;Trp11_47;P09;B05;sample;47;TIMES;11;male;38;70;22.86
20231117_TISTOF_EV_droui001_EXT00_008_TRP_P9_Trp10_47_S1-A4_1_2808;P09_Trp10_47;Trp10_47;P09;B05;sample;47;TIMES;10;male;38;70;22.86
20231117_TISTOF_EV_droui001_EXT00_009_TRP_P9_Trp5_47_S1-A5_1_2809;P09_TrP05_47;Trp5_47;P09;B05;sample;47;TIMES;5;male;38;70;22.86
20231117_TISTOF_EV_droui001_EXT00_010_TRP_P9_Trp1_47_S1-A6_1_2810;P09_TrP01_47;Trp1_47;P09;B05;sample;47;TIMES;1;male;38;70;22.86
20231117_TISTOF_EV_droui001_EXT00_011_TRP_P9_Trp3_47_S1-A7_1_2811;P09_TrP03_47;Trp3_47;P09;B05;sample;47;TIMES;3;male;38;70;22.86
20231117_TISTOF_EV_droui001_EXT00_012_TRP_P9_Trp8_47_S1-A8_1_2812;P09_TrP08_47;Trp8_47;P09;B05;sample;47;TIMES;8;male;38;70;22.86
20231117_TISTOF_EV_droui001_EXT00_013_TRP_P9_Trp6_47_S1-A9_1_2813;P09_TrP06_47;Trp6_47;P09;B05;sample;47;TIMES;6;male;38;70;22.86
20231117_TISTOF_EV_droui001_EXT00_014_TRP_P9_Trp2_47_S1-A10_1_2814;P09_TrP02_47;Trp2_47;P09;B05;sample;47;TIMES;2;male;38;70;22.86
20231117_TISTOF_EV_droui001_EXT00_016_TRP_P9_Trp9_47_S1-A11_1_2816;P09_TrP09_47;Trp9_47;P09;B05;sample;47;TIMES;9;male;38;70;22.86
20231117_TISTOF_EV_droui001_EXT00_017_TRP_P9_Trp4_47_S1-A12_1_2817;P09_TrP04_47;Trp4_47;P09;B05;sample;47;TIMES;4;male;38;70;22.86
20231117_TISTOF_EV_droui001_EXT00_018_TRP_P9_Trp12_47_S1-B1_1_2818;P09_Trp12_47;Trp12_47;P09;B05;sample;47;TIMES;12;male;38;70;22.86
20231013_TISTOF_EV_droui001_EXT00_076_TRP_P7_Trp8_46_S1-F6_1_2505;P07_TrP08_46;Trp8_46;P07;B04;sample;46;TIMES;8;male;52;87;24.88
20231013_TISTOF_EV_droui001_EXT00_077_TRP_P7_Trp2_46_S1-F7_1_2506;P07_TrP02_46;Trp2_46;P07;B04;sample;46;TIMES;2;male;52;87;24.88
20231013_TISTOF_EV_droui001_EXT00_078_TRP_P7_Trp3_46_S1-F8_1_2507;P07_TrP03_46;Trp3_46;P07;B04;sample;46;TIMES;3;male;52;87;24.88
20231013_TISTOF_EV_droui001_EXT00_079_TRP_P7_Trp9_46_S1-F9_1_2508;P07_TrP09_46;Trp9_46;P07;B04;sample;46;TIMES;9;male;52;87;24.88
20231013_TISTOF_EV_droui001_EXT00_080_TRP_P7_Trp12_46_S1-F10_1_2509;P07_Trp12_46;Trp12_46;P07;B04;sample;46;TIMES;12;male;52;87;24.88
20231013_TISTOF_EV_droui001_EXT00_083_TRP_P7_Trp5_46_S1-F12_1_2512;P07_TrP05_46;Trp5_46;P07;B04;sample;46;TIMES;5;male;52;87;24.88
20231013_TISTOF_EV_droui001_EXT00_084_TRP_P7_Trp1_46_S1-G1_1_2513;P07_TrP01_46;Trp1_46;P07;B04;sample;46;TIMES;1;male;52;87;24.88
20231013_TISTOF_EV_droui001_EXT00_085_TRP_P7_Trp6_46_S1-G2_1_2514;P07_TrP06_46;Trp6_46;P07;B04;sample;46;TIMES;6;male;52;87;24.88
20231013_TISTOF_EV_droui001_EXT00_086_TRP_P7_Trp4_46_S1-G3_1_2515;P07_TrP04_46;Trp4_46;P07;B04;sample;46;TIMES;4;male;52;87;24.88
20231013_TISTOF_EV_droui001_EXT00_087_TRP_P7_Trp11_46_S1-G4_1_2516;P07_Trp11_46;Trp11_46;P07;B04;sample;46;TIMES;11;male;52;87;24.88
20231013_TISTOF_EV_droui001_EXT00_088_TRP_P7_Trp10_46_S1-G5_1_2517;P07_Trp10_46;Trp10_46;P07;B04;sample;46;TIMES;10;male;52;87;24.88
20231013_TISTOF_EV_droui001_EXT00_089_TRP_P7_Trp7_46_S1-G6_1_2518;P07_TrP07_46;Trp7_46;P07;B04;sample;46;TIMES;7;male;52;87;24.88
20231117_TISTOF_EV_droui001_EXT00_125_TRP_P10_Trp7_45_S2-C2_1_2925;P10_TrP07_45;Trp7_45;P10;B05;sample;45;TIMES;7;male;35;90;27.78
20231117_TISTOF_EV_droui001_EXT00_126_TRP_P10_Trp8_45_S2-C3_1_2926;P10_TrP08_45;Trp8_45;P10;B05;sample;45;TIMES;8;male;35;90;27.78
20231117_TISTOF_EV_droui001_EXT00_127_TRP_P10_Trp10_45_S2-C4_1_2927;P10_Trp10_45;Trp10_45;P10;B05;sample;45;TIMES;10;male;35;90;27.78
20231117_TISTOF_EV_droui001_EXT00_129_TRP_P10_Trp5_45_S2-C6_1_2929;P10_TrP05_45;Trp5_45;P10;B05;sample;45;TIMES;5;male;35;90;27.78
20231117_TISTOF_EV_droui001_EXT00_131_TRP_P10_Trp3_45_S2-C7_1_2931;P10_TrP03_45;Trp3_45;P10;B05;sample;45;TIMES;3;male;35;90;27.78
20231117_TISTOF_EV_droui001_EXT00_132_TRP_P10_Trp6_45_S2-C8_1_2932;P10_TrP06_45;Trp6_45;P10;B05;sample;45;TIMES;6;male;35;90;27.78
20231117_TISTOF_EV_droui001_EXT00_133_TRP_P10_Trp1_45_S2-C9_1_2933;P10_TrP01_45;Trp1_45;P10;B05;sample;45;TIMES;1;male;35;90;27.78
20231117_TISTOF_EV_droui001_EXT00_134_TRP_P10_Trp4_45_S2-C10_1_2934;P10_TrP04_45;Trp4_45;P10;B05;sample;45;TIMES;4;male;35;90;27.78
20231117_TISTOF_EV_droui001_EXT00_135_TRP_P10_Trp12_45_S2-C11_1_2935;P10_Trp12_45;Trp12_45;P10;B05;sample;45;TIMES;12;male;35;90;27.78
20231117_TISTOF_EV_droui001_EXT00_136_TRP_P10_Trp11_45_S2-C12_1_2936;P10_Trp11_45;Trp11_45;P10;B05;sample;45;TIMES;11;male;35;90;27.78
20231117_TISTOF_EV_droui001_EXT00_137_TRP_P10_Trp2_45_S2-D1_1_2937;P10_TrP02_45;Trp2_45;P10;B05;sample;45;TIMES;2;male;35;90;27.78
20231006_TISTOF_EV_droui001_EXT00_016_TRP_P5_Trp10_44_S1-A11_1_2114;P05_Trp10_44;Trp10_44;P05;B03;sample;44;TIMES;10;female;24;68;25.59
20231006_TISTOF_EV_droui001_EXT00_017_TRP_P5_Trp8_44_S1-A12_1_2115;P05_TrP08_44;Trp8_44;P05;B03;sample;44;TIMES;8;female;24;68;25.59
20231006_TISTOF_EV_droui001_EXT00_018_TRP_P5_Trp9_44_S1-B1_1_2116;P05_TrP09_44;Trp9_44;P05;B03;sample;44;TIMES;9;female;24;68;25.59
20231006_TISTOF_EV_droui001_EXT00_019_TRP_P5_Trp4_44_S1-B2_1_2117;P05_TrP04_44;Trp4_44;P05;B03;sample;44;TIMES;4;female;24;68;25.59
20231006_TISTOF_EV_droui001_EXT00_021_TRP_P5_Trp6_44_S1-B4_1_2119;P05_TrP06_44;Trp6_44;P05;B03;sample;44;TIMES;6;female;24;68;25.59
20231006_TISTOF_EV_droui001_EXT00_022_TRP_P5_Trp12_44_S1-B5_1_2120;P05_Trp12_44;Trp12_44;P05;B03;sample;44;TIMES;12;female;24;68;25.59
20231006_TISTOF_EV_droui001_EXT00_023_TRP_P5_Trp11_44_S1-B6_1_2121;P05_Trp11_44;Trp11_44;P05;B03;sample;44;TIMES;11;female;24;68;25.59
20231006_TISTOF_EV_droui001_EXT00_024_TRP_P5_Trp5_44_S1-B7_1_2122;P05_TrP05_44;Trp5_44;P05;B03;sample;44;TIMES;5;female;24;68;25.59
20231006_TISTOF_EV_droui001_EXT00_025_TRP_P5_Trp1_44_S1-B8_1_2123;P05_TrP01_44;Trp1_44;P05;B03;sample;44;TIMES;1;female;24;68;25.59
20231006_TISTOF_EV_droui001_EXT00_027_TRP_P5_Trp3_44_S1-B9_1_2125;P05_TrP03_44;Trp3_44;P05;B03;sample;44;TIMES;3;female;24;68;25.59
20231006_TISTOF_EV_droui001_EXT00_028_TRP_P5_Trp7_44_S1-B10_1_2126;P05_TrP07_44;Trp7_44;P05;B03;sample;44;TIMES;7;female;24;68;25.59
20231006_TISTOF_EV_droui001_EXT00_029_TRP_P5_Trp2_44_S1-B11_1_2127;P05_TrP02_44;Trp2_44;P05;B03;sample;44;TIMES;2;female;24;68;25.59
20231006_TISTOF_EV_droui001_EXT00_155_TRP_P6_Trp5_43_S2-E8_1_2253;P06_TrP05_43;Trp5_43;P06;B03;sample;43;TIMES;5;male;26;76;23.2
20231006_TISTOF_EV_droui001_EXT00_157_TRP_P6_Trp6_43_S2-E10_1_2255;P06_TrP06_43;Trp6_43;P06;B03;sample;43;TIMES;6;male;26;76;23.2
20231006_TISTOF_EV_droui001_EXT00_158_TRP_P6_Trp12_43_S2-E11_1_2256;P06_Trp12_43;Trp12_43;P06;B03;sample;43;TIMES;12;male;26;76;23.2
20231006_TISTOF_EV_droui001_EXT00_159_TRP_P6_Trp4_43_S2-E12_1_2257;P06_TrP04_43;Trp4_43;P06;B03;sample;43;TIMES;4;male;26;76;23.2
20231006_TISTOF_EV_droui001_EXT00_161_TRP_P6_Trp1_43_S2-F1_1_2259;P06_TrP01_43;Trp1_43;P06;B03;sample;43;TIMES;1;male;26;76;23.2
20231006_TISTOF_EV_droui001_EXT00_162_TRP_P6_Trp7_43_S2-F2_1_2260;P06_TrP07_43;Trp7_43;P06;B03;sample;43;TIMES;7;male;26;76;23.2
20231006_TISTOF_EV_droui001_EXT00_163_TRP_P6_Trp3_43_S2-F3_1_2261;P06_TrP03_43;Trp3_43;P06;B03;sample;43;TIMES;3;male;26;76;23.2
20231006_TISTOF_EV_droui001_EXT00_164_TRP_P6_Trp8_43_S2-F4_1_2262;P06_TrP08_43;Trp8_43;P06;B03;sample;43;TIMES;8;male;26;76;23.2
20231006_TISTOF_EV_droui001_EXT00_165_TRP_P6_Trp2_43_S2-F5_1_2263;P06_TrP02_43;Trp2_43;P06;B03;sample;43;TIMES;2;male;26;76;23.2
20231006_TISTOF_EV_droui001_EXT00_166_TRP_P6_Trp10_43_S2-F6_1_2264;P06_Trp10_43;Trp10_43;P06;B03;sample;43;TIMES;10;male;26;76;23.2
20231006_TISTOF_EV_droui001_EXT00_167_TRP_P6_Trp9_43_S2-F7_1_2265;P06_TrP09_43;Trp9_43;P06;B03;sample;43;TIMES;9;male;26;76;23.2
20231006_TISTOF_EV_droui001_EXT00_168_TRP_P6_Trp11_43_S2-F8_1_2266;P06_Trp11_43;Trp11_43;P06;B03;sample;43;TIMES;11;male;26;76;23.2
20231117_TISTOF_EV_droui001_EXT00_111_TRP_P10_Trp8_41_S2-B1_1_2911;P10_TrP08_41;Trp8_41;P10;B05;sample;41;TIMES;8;female;22;60;19.37
20231117_TISTOF_EV_droui001_EXT00_112_TRP_P10_Trp9_41_S2-B2_1_2912;P10_TrP09_41;Trp9_41;P10;B05;sample;41;TIMES;9;female;22;60;19.37
20231117_TISTOF_EV_droui001_EXT00_114_TRP_P10_Trp12_41_S2-B4_1_2914;P10_Trp12_41;Trp12_41;P10;B05;sample;41;TIMES;12;female;22;60;19.37
20231117_TISTOF_EV_droui001_EXT00_115_TRP_P10_Trp7_41_S2-B5_1_2915;P10_TrP07_41;Trp7_41;P10;B05;sample;41;TIMES;7;female;22;60;19.37
20231117_TISTOF_EV_droui001_EXT00_116_TRP_P10_Trp2_41_S2-B6_1_2916;P10_TrP02_41;Trp2_41;P10;B05;sample;41;TIMES;2;female;22;60;19.37
20231117_TISTOF_EV_droui001_EXT00_117_TRP_P10_Trp11_41_S2-B7_1_2917;P10_Trp11_41;Trp11_41;P10;B05;sample;41;TIMES;11;female;22;60;19.37
20231117_TISTOF_EV_droui001_EXT00_118_TRP_P10_Trp3_41_S2-B8_1_2918;P10_TrP03_41;Trp3_41;P10;B05;sample;41;TIMES;3;female;22;60;19.37
20231117_TISTOF_EV_droui001_EXT00_120_TRP_P10_Trp6_41_S2-B9_1_2920;P10_TrP06_41;Trp6_41;P10;B05;sample;41;TIMES;6;female;22;60;19.37
20231117_TISTOF_EV_droui001_EXT00_121_TRP_P10_Trp1_41_S2-B10_1_2921;P10_TrP01_41;Trp1_41;P10;B05;sample;41;TIMES;1;female;22;60;19.37
20231117_TISTOF_EV_droui001_EXT00_122_TRP_P10_Trp5_41_S2-B11_1_2922;P10_TrP05_41;Trp5_41;P10;B05;sample;41;TIMES;5;female;22;60;19.37
20231117_TISTOF_EV_droui001_EXT00_123_TRP_P10_Trp10_41_S2-B12_1_2923;P10_Trp10_41;Trp10_41;P10;B05;sample;41;TIMES;10;female;22;60;19.37
20231117_TISTOF_EV_droui001_EXT00_124_TRP_P10_Trp4_41_S2-C1_1_2924;P10_TrP04_41;Trp4_41;P10;B05;sample;41;TIMES;4;female;22;60;19.37
20231013_TISTOF_EV_droui001_EXT00_006_TRP_P7_Trp6_40_S1-A2_1_2435;P07_TrP06_40;Trp6_40;P07;B04;sample;40;TIMES;6;male;20;70;20.9
20231013_TISTOF_EV_droui001_EXT00_007_TRP_P7_Trp4_40_S1-A3_1_2436;P07_TrP04_40;Trp4_40;P07;B04;sample;40;TIMES;4;male;20;70;20.9
20231013_TISTOF_EV_droui001_EXT00_008_TRP_P7_Trp5_40_S1-A4_1_2437;P07_TrP05_40;Trp5_40;P07;B04;sample;40;TIMES;5;male;20;70;20.9
20231013_TISTOF_EV_droui001_EXT00_009_TRP_P7_Trp10_40_S1-A5_1_2438;P07_Trp10_40;Trp10_40;P07;B04;sample;40;TIMES;10;male;20;70;20.9
20231013_TISTOF_EV_droui001_EXT00_010_TRP_P7_Trp11_40_S1-A6_1_2439;P07_Trp11_40;Trp11_40;P07;B04;sample;40;TIMES;11;male;20;70;20.9
20231013_TISTOF_EV_droui001_EXT00_011_TRP_P7_Trp2_40_S1-A7_1_2440;P07_TrP02_40;Trp2_40;P07;B04;sample;40;TIMES;2;male;20;70;20.9
20231013_TISTOF_EV_droui001_EXT00_012_TRP_P7_Trp1_40_S1-A8_1_2441;P07_TrP01_40;Trp1_40;P07;B04;sample;40;TIMES;1;male;20;70;20.9
20231013_TISTOF_EV_droui001_EXT00_013_TRP_P7_Trp3_40_S1-A9_1_2442;P07_TrP03_40;Trp3_40;P07;B04;sample;40;TIMES;3;male;20;70;20.9
20231013_TISTOF_EV_droui001_EXT00_014_TRP_P7_Trp7_40_S1-A10_1_2443;P07_TrP07_40;Trp7_40;P07;B04;sample;40;TIMES;7;male;20;70;20.9
20231013_TISTOF_EV_droui001_EXT00_016_TRP_P7_Trp9_40_S1-A11_1_2445;P07_TrP09_40;Trp9_40;P07;B04;sample;40;TIMES;9;male;20;70;20.9
20231013_TISTOF_EV_droui001_EXT00_017_TRP_P7_Trp12_40_S1-A12_1_2446;P07_Trp12_40;Trp12_40;P07;B04;sample;40;TIMES;12;male;20;70;20.9
20231013_TISTOF_EV_droui001_EXT00_018_TRP_P7_Trp8_40_S1-B1_1_2447;P07_TrP08_40;Trp8_40;P07;B04;sample;40;TIMES;8;male;20;70;20.9
20231002_TISTOF_EV_droui001_EXT00_169_TRP_P4_Trp4_4_S2-F9_1_2078;P04_TrP04_4;Trp4_4;P04;B02;sample;4;TIMES;4;male;37;98;30.25
20231002_TISTOF_EV_droui001_EXT00_170_TRP_P4_Trp12_4_S2-F10_1_2079;P04_Trp12_4;Trp12_4;P04;B02;sample;4;TIMES;12;male;37;98;30.25
20231002_TISTOF_EV_droui001_EXT00_173_TRP_P4_Trp3_4_S2-F12_1_2082;P04_TrP03_4;Trp3_4;P04;B02;sample;4;TIMES;3;male;37;98;30.25
20231002_TISTOF_EV_droui001_EXT00_174_TRP_P4_Trp10_4_S2-G1_1_2083;P04_Trp10_4;Trp10_4;P04;B02;sample;4;TIMES;10;male;37;98;30.25
20231002_TISTOF_EV_droui001_EXT00_175_TRP_P4_Trp6_4_S2-G2_1_2084;P04_TrP06_4;Trp6_4;P04;B02;sample;4;TIMES;6;male;37;98;30.25
20231002_TISTOF_EV_droui001_EXT00_176_TRP_P4_Trp7_4_S2-G3_1_2085;P04_TrP07_4;Trp7_4;P04;B02;sample;4;TIMES;7;male;37;98;30.25
20231002_TISTOF_EV_droui001_EXT00_177_TRP_P4_Trp1_4_S2-G4_1_2086;P04_TrP01_4;Trp1_4;P04;B02;sample;4;TIMES;1;male;37;98;30.25
20231002_TISTOF_EV_droui001_EXT00_178_TRP_P4_Trp2_4_S2-G5_1_2087;P04_TrP02_4;Trp2_4;P04;B02;sample;4;TIMES;2;male;37;98;30.25
20231002_TISTOF_EV_droui001_EXT00_179_TRP_P4_Trp5_4_S2-G6_1_2088;P04_TrP05_4;Trp5_4;P04;B02;sample;4;TIMES;5;male;37;98;30.25
20231002_TISTOF_EV_droui001_EXT00_180_TRP_P4_Trp8_4_S2-G7_1_2089;P04_TrP08_4;Trp8_4;P04;B02;sample;4;TIMES;8;male;37;98;30.25
20231002_TISTOF_EV_droui001_EXT00_181_TRP_P4_Trp11_4_S2-G8_1_2090;P04_Trp11_4;Trp11_4;P04;B02;sample;4;TIMES;11;male;37;98;30.25
20231002_TISTOF_EV_droui001_EXT00_182_TRP_P4_Trp9_4_S2-G9_1_2091;P04_TrP09_4;Trp9_4;P04;B02;sample;4;TIMES;9;male;37;98;30.25
20230926_TISTOF_EV_droui001_EXT00_107_TRP_P2_Trp5_39_S2-A12_1_1827;P02_TrP05_39;Trp5_39;P02;B01;sample;39;TIMES;5;female;24;63;21.3
20230926_TISTOF_EV_droui001_EXT00_108_TRP_P2_Trp1_39_S2-B1_1_1828;P02_TrP01_39;Trp1_39;P02;B01;sample;39;TIMES;1;female;24;63;21.3
20230926_TISTOF_EV_droui001_EXT00_109_TRP_P2_Trp2_39_S2-B2_1_1829;P02_TrP02_39;Trp2_39;P02;B01;sample;39;TIMES;2;female;24;63;21.3
20230926_TISTOF_EV_droui001_EXT00_111_TRP_P2_Trp11_39_S2-B4_1_1831;P02_Trp11_39;Trp11_39;P02;B01;sample;39;TIMES;11;female;24;63;21.3
20230926_TISTOF_EV_droui001_EXT00_112_TRP_P2_Trp10_39_S2-B5_1_1832;P02_Trp10_39;Trp10_39;P02;B01;sample;39;TIMES;10;female;24;63;21.3
20230926_TISTOF_EV_droui001_EXT00_113_TRP_P2_Trp9_39_S2-B6_1_1833;P02_TrP09_39;Trp9_39;P02;B01;sample;39;TIMES;9;female;24;63;21.3
20230926_TISTOF_EV_droui001_EXT00_114_TRP_P2_Trp6_39_S2-B7_1_1834;P02_TrP06_39;Trp6_39;P02;B01;sample;39;TIMES;6;female;24;63;21.3
20230926_TISTOF_EV_droui001_EXT00_115_TRP_P2_Trp3_39_S2-B8_1_1835;P02_TrP03_39;Trp3_39;P02;B01;sample;39;TIMES;3;female;24;63;21.3
20230926_TISTOF_EV_droui001_EXT00_117_TRP_P2_Trp12_39_S2-B9_1_1837;P02_Trp12_39;Trp12_39;P02;B01;sample;39;TIMES;12;female;24;63;21.3
20230926_TISTOF_EV_droui001_EXT00_118_TRP_P2_Trp7_39_S2-B10_1_1838;P02_TrP07_39;Trp7_39;P02;B01;sample;39;TIMES;7;female;24;63;21.3
20230926_TISTOF_EV_droui001_EXT00_119_TRP_P2_Trp4_39_S2-B11_1_1839;P02_TrP04_39;Trp4_39;P02;B01;sample;39;TIMES;4;female;24;63;21.3
20231002_TISTOF_EV_droui001_EXT00_065_TRP_P3_Trp8_38_S1-E8_1_1973;P03_TrP08_38;Trp8_38;P03;B02;sample;38;TIMES;8;female;35;84;24.54
20231002_TISTOF_EV_droui001_EXT00_067_TRP_P3_Trp12_38_S1-E10_1_1975;P03_Trp12_38;Trp12_38;P03;B02;sample;38;TIMES;12;female;35;84;24.54
20231002_TISTOF_EV_droui001_EXT00_068_TRP_P3_Trp2_38_S1-E11_1_1976;P03_TrP02_38;Trp2_38;P03;B02;sample;38;TIMES;2;female;35;84;24.54
20231002_TISTOF_EV_droui001_EXT00_069_TRP_P3_Trp10_38_S1-E12_1_1977;P03_Trp10_38;Trp10_38;P03;B02;sample;38;TIMES;10;female;35;84;24.54
20231002_TISTOF_EV_droui001_EXT00_071_TRP_P3_Trp9_38_S1-F1_1_1979;P03_TrP09_38;Trp9_38;P03;B02;sample;38;TIMES;9;female;35;84;24.54
20231002_TISTOF_EV_droui001_EXT00_072_TRP_P3_Trp3_38_S1-F2_1_1980;P03_TrP03_38;Trp3_38;P03;B02;sample;38;TIMES;3;female;35;84;24.54
20231002_TISTOF_EV_droui001_EXT00_073_TRP_P3_Trp7_38_S1-F3_1_1981;P03_TrP07_38;Trp7_38;P03;B02;sample;38;TIMES;7;female;35;84;24.54
20231002_TISTOF_EV_droui001_EXT00_074_TRP_P3_Trp4_38_S1-F4_1_1982;P03_TrP04_38;Trp4_38;P03;B02;sample;38;TIMES;4;female;35;84;24.54
20231002_TISTOF_EV_droui001_EXT00_075_TRP_P3_Trp11_38_S1-F5_1_1983;P03_Trp11_38;Trp11_38;P03;B02;sample;38;TIMES;11;female;35;84;24.54
20231002_TISTOF_EV_droui001_EXT00_076_TRP_P3_Trp1_38_S1-F6_1_1984;P03_TrP01_38;Trp1_38;P03;B02;sample;38;TIMES;1;female;35;84;24.54
20231002_TISTOF_EV_droui001_EXT00_077_TRP_P3_Trp6_38_S1-F7_1_1985;P03_TrP06_38;Trp6_38;P03;B02;sample;38;TIMES;6;female;35;84;24.54
20231002_TISTOF_EV_droui001_EXT00_078_TRP_P3_Trp5_38_S1-F8_1_1986;P03_TrP05_38;Trp5_38;P03;B02;sample;38;TIMES;5;female;35;84;24.54
20231013_TISTOF_EV_droui001_EXT00_149_TRP_P8_Trp1_37_S2-E5_1_2578;P08_TrP01_37;Trp1_37;P08;B04;sample;37;TIMES;1;female;32;60;24.03
20231013_TISTOF_EV_droui001_EXT00_150_TRP_P8_Trp3_37_S2-E6_1_2579;P08_TrP03_37;Trp3_37;P08;B04;sample;37;TIMES;3;female;32;60;24.03
20231013_TISTOF_EV_droui001_EXT00_151_TRP_P8_Trp8_37_S2-E7_1_2580;P08_TrP08_37;Trp8_37;P08;B04;sample;37;TIMES;8;female;32;60;24.03
20231013_TISTOF_EV_droui001_EXT00_152_TRP_P8_Trp6_37_S2-E8_1_2581;P08_TrP06_37;Trp6_37;P08;B04;sample;37;TIMES;6;female;32;60;24.03
20231013_TISTOF_EV_droui001_EXT00_154_TRP_P8_Trp2_37_S2-E10_1_2583;P08_TrP02_37;Trp2_37;P08;B04;sample;37;TIMES;2;female;32;60;24.03
20231013_TISTOF_EV_droui001_EXT00_155_TRP_P8_Trp7_37_S2-E11_1_2584;P08_TrP07_37;Trp7_37;P08;B04;sample;37;TIMES;7;female;32;60;24.03
20231013_TISTOF_EV_droui001_EXT00_156_TRP_P8_Trp12_37_S2-E12_1_2585;P08_Trp12_37;Trp12_37;P08;B04;sample;37;TIMES;12;female;32;60;24.03
20231013_TISTOF_EV_droui001_EXT00_158_TRP_P8_Trp9_37_S2-F1_1_2587;P08_TrP09_37;Trp9_37;P08;B04;sample;37;TIMES;9;female;32;60;24.03
20231013_TISTOF_EV_droui001_EXT00_159_TRP_P8_Trp5_37_S2-F2_1_2588;P08_TrP05_37;Trp5_37;P08;B04;sample;37;TIMES;5;female;32;60;24.03
20231013_TISTOF_EV_droui001_EXT00_160_TRP_P8_Trp11_37_S2-F3_1_2589;P08_Trp11_37;Trp11_37;P08;B04;sample;37;TIMES;11;female;32;60;24.03
20231013_TISTOF_EV_droui001_EXT00_161_TRP_P8_Trp10_37_S2-F4_1_2590;P08_Trp10_37;Trp10_37;P08;B04;sample;37;TIMES;10;female;32;60;24.03
20231013_TISTOF_EV_droui001_EXT00_162_TRP_P8_Trp4_37_S2-F5_1_2591;P08_TrP04_37;Trp4_37;P08;B04;sample;37;TIMES;4;female;32;60;24.03
20231117_TISTOF_EV_droui001_EXT00_062_TRP_P9_Trp4_36_S1-E5_1_2862;P09_TrP04_36;Trp4_36;P09;B05;sample;36;TIMES;4;female;37;59;20.9
20231117_TISTOF_EV_droui001_EXT00_063_TRP_P9_Trp8_36_S1-E6_1_2863;P09_TrP08_36;Trp8_36;P09;B05;sample;36;TIMES;8;female;37;59;20.9
20231117_TISTOF_EV_droui001_EXT00_064_TRP_P9_Trp11_36_S1-E7_1_2864;P09_Trp11_36;Trp11_36;P09;B05;sample;36;TIMES;11;female;37;59;20.9
20231117_TISTOF_EV_droui001_EXT00_065_TRP_P9_Trp12_36_S1-E8_1_2865;P09_Trp12_36;Trp12_36;P09;B05;sample;36;TIMES;12;female;37;59;20.9
20231117_TISTOF_EV_droui001_EXT00_067_TRP_P9_Trp9_36_S1-E10_1_2867;P09_TrP09_36;Trp9_36;P09;B05;sample;36;TIMES;9;female;37;59;20.9
20231117_TISTOF_EV_droui001_EXT00_068_TRP_P9_Trp1_36_S1-E11_1_2868;P09_TrP01_36;Trp1_36;P09;B05;sample;36;TIMES;1;female;37;59;20.9
20231117_TISTOF_EV_droui001_EXT00_069_TRP_P9_Trp10_36_S1-E12_1_2869;P09_Trp10_36;Trp10_36;P09;B05;sample;36;TIMES;10;female;37;59;20.9
20231117_TISTOF_EV_droui001_EXT00_071_TRP_P9_Trp3_36_S1-F1_1_2871;P09_TrP03_36;Trp3_36;P09;B05;sample;36;TIMES;3;female;37;59;20.9
20231117_TISTOF_EV_droui001_EXT00_072_TRP_P9_Trp7_36_S1-F2_1_2872;P09_TrP07_36;Trp7_36;P09;B05;sample;36;TIMES;7;female;37;59;20.9
20231117_TISTOF_EV_droui001_EXT00_073_TRP_P9_Trp6_36_S1-F3_1_2873;P09_TrP06_36;Trp6_36;P09;B05;sample;36;TIMES;6;female;37;59;20.9
20231117_TISTOF_EV_droui001_EXT00_074_TRP_P9_Trp5_36_S1-F4_1_2874;P09_TrP05_36;Trp5_36;P09;B05;sample;36;TIMES;5;female;37;59;20.9
20231117_TISTOF_EV_droui001_EXT00_075_TRP_P9_Trp2_36_S1-F5_1_2875;P09_TrP02_36;Trp2_36;P09;B05;sample;36;TIMES;2;female;37;59;20.9
20231117_TISTOF_EV_droui001_EXT00_047_TRP_P9_Trp4_35_S1-D4_1_2847;P09_TrP04_35;Trp4_35;P09;B05;sample;35;TIMES;4;female;42;w;
20231117_TISTOF_EV_droui001_EXT00_049_TRP_P9_Trp3_35_S1-D5_1_2849;P09_TrP03_35;Trp3_35;P09;B05;sample;35;TIMES;3;female;42;w;
20231117_TISTOF_EV_droui001_EXT00_050_TRP_P9_Trp12_35_S1-D6_1_2850;P09_Trp12_35;Trp12_35;P09;B05;sample;35;TIMES;12;female;42;w;
20231117_TISTOF_EV_droui001_EXT00_052_TRP_P9_Trp1_35_S1-D8_1_2852;P09_TrP01_35;Trp1_35;P09;B05;sample;35;TIMES;1;female;42;w;
20231117_TISTOF_EV_droui001_EXT00_053_TRP_P9_Trp2_35_S1-D9_1_2853;P09_TrP02_35;Trp2_35;P09;B05;sample;35;TIMES;2;female;42;w;
20231117_TISTOF_EV_droui001_EXT00_054_TRP_P9_Trp10_35_S1-D10_1_2854;P09_Trp10_35;Trp10_35;P09;B05;sample;35;TIMES;10;female;42;w;
20231117_TISTOF_EV_droui001_EXT00_055_TRP_P9_Trp11_35_S1-D11_1_2855;P09_Trp11_35;Trp11_35;P09;B05;sample;35;TIMES;11;female;42;w;
20231117_TISTOF_EV_droui001_EXT00_056_TRP_P9_Trp5_35_S1-D12_1_2856;P09_TrP05_35;Trp5_35;P09;B05;sample;35;TIMES;5;female;42;w;
20231117_TISTOF_EV_droui001_EXT00_057_TRP_P9_Trp8_35_S1-E1_1_2857;P09_TrP08_35;Trp8_35;P09;B05;sample;35;TIMES;8;female;42;w;
20231117_TISTOF_EV_droui001_EXT00_058_TRP_P9_Trp9_35_S1-E2_1_2858;P09_TrP09_35;Trp9_35;P09;B05;sample;35;TIMES;9;female;42;w;
20231117_TISTOF_EV_droui001_EXT00_060_TRP_P9_Trp6_35_S1-E3_1_2860;P09_TrP06_35;Trp6_35;P09;B05;sample;35;TIMES;6;female;42;w;
20231117_TISTOF_EV_droui001_EXT00_061_TRP_P9_Trp7_35_S1-E4_1_2861;P09_TrP07_35;Trp7_35;P09;B05;sample;35;TIMES;7;female;42;w;
20231013_TISTOF_EV_droui001_EXT00_062_TRP_P7_Trp1_34_S1-E5_1_2491;P07_TrP01_34;Trp1_34;P07;B04;sample;34;TIMES;1;female;32;A;
20231013_TISTOF_EV_droui001_EXT00_063_TRP_P7_Trp8_34_S1-E6_1_2492;P07_TrP08_34;Trp8_34;P07;B04;sample;34;TIMES;8;female;32;A;
20231013_TISTOF_EV_droui001_EXT00_064_TRP_P7_Trp4_34_S1-E7_1_2493;P07_TrP04_34;Trp4_34;P07;B04;sample;34;TIMES;4;female;32;A;
20231013_TISTOF_EV_droui001_EXT00_065_TRP_P7_Trp6_34_S1-E8_1_2494;P07_TrP06_34;Trp6_34;P07;B04;sample;34;TIMES;6;female;32;A;
20231013_TISTOF_EV_droui001_EXT00_067_TRP_P7_Trp2_34_S1-E10_1_2496;P07_TrP02_34;Trp2_34;P07;B04;sample;34;TIMES;2;female;32;A;
20231013_TISTOF_EV_droui001_EXT00_068_TRP_P7_Trp11_34_S1-E11_1_2497;P07_Trp11_34;Trp11_34;P07;B04;sample;34;TIMES;11;female;32;A;
20231013_TISTOF_EV_droui001_EXT00_069_TRP_P7_Trp10_34_S1-E12_1_2498;P07_Trp10_34;Trp10_34;P07;B04;sample;34;TIMES;10;female;32;A;
20231013_TISTOF_EV_droui001_EXT00_071_TRP_P7_Trp9_34_S1-F1_1_2500;P07_TrP09_34;Trp9_34;P07;B04;sample;34;TIMES;9;female;32;A;
20231013_TISTOF_EV_droui001_EXT00_072_TRP_P7_Trp12_34_S1-F2_1_2501;P07_Trp12_34;Trp12_34;P07;B04;sample;34;TIMES;12;female;32;A;
20231013_TISTOF_EV_droui001_EXT00_073_TRP_P7_Trp3_34_S1-F3_1_2502;P07_TrP03_34;Trp3_34;P07;B04;sample;34;TIMES;3;female;32;A;
20231013_TISTOF_EV_droui001_EXT00_074_TRP_P7_Trp5_34_S1-F4_1_2503;P07_TrP05_34;Trp5_34;P07;B04;sample;34;TIMES;5;female;32;A;
20231013_TISTOF_EV_droui001_EXT00_075_TRP_P7_Trp7_34_S1-F5_1_2504;P07_TrP07_34;Trp7_34;P07;B04;sample;34;TIMES;7;female;32;A;
20231002_TISTOF_EV_droui001_EXT00_096_TRP_P4_Trp12_33_S2-A2_1_2005;P04_Trp12_33;Trp12_33;P04;B02;sample;33;TIMES;12;female;32;52;20.31
20231002_TISTOF_EV_droui001_EXT00_097_TRP_P4_Trp1_33_S2-A3_1_2006;P04_TrP01_33;Trp1_33;P04;B02;sample;33;TIMES;1;female;32;52;20.31
20231002_TISTOF_EV_droui001_EXT00_098_TRP_P4_Trp7_33_S2-A4_1_2007;P04_TrP07_33;Trp7_33;P04;B02;sample;33;TIMES;7;female;32;52;20.31
20231002_TISTOF_EV_droui001_EXT00_099_TRP_P4_Trp8_33_S2-A5_1_2008;P04_TrP08_33;Trp8_33;P04;B02;sample;33;TIMES;8;female;32;52;20.31
20231002_TISTOF_EV_droui001_EXT00_100_TRP_P4_Trp5_33_S2-A6_1_2009;P04_TrP05_33;Trp5_33;P04;B02;sample;33;TIMES;5;female;32;52;20.31
20231002_TISTOF_EV_droui001_EXT00_101_TRP_P4_Trp3_33_S2-A7_1_2010;P04_TrP03_33;Trp3_33;P04;B02;sample;33;TIMES;3;female;32;52;20.31
20231002_TISTOF_EV_droui001_EXT00_102_TRP_P4_Trp10_33_S2-A8_1_2011;P04_Trp10_33;Trp10_33;P04;B02;sample;33;TIMES;10;female;32;52;20.31
20231002_TISTOF_EV_droui001_EXT00_103_TRP_P4_Trp2_33_S2-A9_1_2012;P04_TrP02_33;Trp2_33;P04;B02;sample;33;TIMES;2;female;32;52;20.31
20231002_TISTOF_EV_droui001_EXT00_104_TRP_P4_Trp4_33_S2-A10_1_2013;P04_TrP04_33;Trp4_33;P04;B02;sample;33;TIMES;4;female;32;52;20.31
20231013_TISTOF_EV_droui001_EXT00_134_TRP_P8_Trp9_32_S2-D4_1_2563;P08_TrP09_32;Trp9_32;P08;B04;sample;32;TIMES;9;male;45;110;30.47
20231013_TISTOF_EV_droui001_EXT00_136_TRP_P8_Trp2_32_S2-D5_1_2565;P08_TrP02_32;Trp2_32;P08;B04;sample;32;TIMES;2;male;45;110;30.47
20231013_TISTOF_EV_droui001_EXT00_137_TRP_P8_Trp12_32_S2-D6_1_2566;P08_Trp12_32;Trp12_32;P08;B04;sample;32;TIMES;12;male;45;110;30.47
20231013_TISTOF_EV_droui001_EXT00_139_TRP_P8_Trp1_32_S2-D8_1_2568;P08_TrP01_32;Trp1_32;P08;B04;sample;32;TIMES;1;male;45;110;30.47
20231013_TISTOF_EV_droui001_EXT00_140_TRP_P8_Trp11_32_S2-D9_1_2569;P08_Trp11_32;Trp11_32;P08;B04;sample;32;TIMES;11;male;45;110;30.47
20231013_TISTOF_EV_droui001_EXT00_141_TRP_P8_Trp5_32_S2-D10_1_2570;P08_TrP05_32;Trp5_32;P08;B04;sample;32;TIMES;5;male;45;110;30.47
20231013_TISTOF_EV_droui001_EXT00_142_TRP_P8_Trp3_32_S2-D11_1_2571;P08_TrP03_32;Trp3_32;P08;B04;sample;32;TIMES;3;male;45;110;30.47
20231013_TISTOF_EV_droui001_EXT00_143_TRP_P8_Trp7_32_S2-D12_1_2572;P08_TrP07_32;Trp7_32;P08;B04;sample;32;TIMES;7;male;45;110;30.47
20231013_TISTOF_EV_droui001_EXT00_144_TRP_P8_Trp4_32_S2-E1_1_2573;P08_TrP04_32;Trp4_32;P08;B04;sample;32;TIMES;4;male;45;110;30.47
20231013_TISTOF_EV_droui001_EXT00_145_TRP_P8_Trp8_32_S2-E2_1_2574;P08_TrP08_32;Trp8_32;P08;B04;sample;32;TIMES;8;male;45;110;30.47
20231013_TISTOF_EV_droui001_EXT00_147_TRP_P8_Trp6_32_S2-E3_1_2576;P08_TrP06_32;Trp6_32;P08;B04;sample;32;TIMES;6;male;45;110;30.47
20231013_TISTOF_EV_droui001_EXT00_148_TRP_P8_Trp10_32_S2-E4_1_2577;P08_Trp10_32;Trp10_32;P08;B04;sample;32;TIMES;10;male;45;110;30.47
20231013_TISTOF_EV_droui001_EXT00_120_TRP_P8_Trp10_31_S2-C3_1_2549;P08_Trp10_31;Trp10_31;P08;B04;sample;31;TIMES;10;female;45;75;23.67
20231013_TISTOF_EV_droui001_EXT00_121_TRP_P8_Trp6_31_S2-C4_1_2550;P08_TrP06_31;Trp6_31;P08;B04;sample;31;TIMES;6;female;45;75;23.67
20231013_TISTOF_EV_droui001_EXT00_123_TRP_P8_Trp11_31_S2-C6_1_2552;P08_Trp11_31;Trp11_31;P08;B04;sample;31;TIMES;11;female;45;75;23.67
20231013_TISTOF_EV_droui001_EXT00_125_TRP_P8_Trp2_31_S2-C7_1_2554;P08_TrP02_31;Trp2_31;P08;B04;sample;31;TIMES;2;female;45;75;23.67
20231013_TISTOF_EV_droui001_EXT00_126_TRP_P8_Trp8_31_S2-C8_1_2555;P08_TrP08_31;Trp8_31;P08;B04;sample;31;TIMES;8;female;45;75;23.67
20231013_TISTOF_EV_droui001_EXT00_127_TRP_P8_Trp1_31_S2-C9_1_2556;P08_TrP01_31;Trp1_31;P08;B04;sample;31;TIMES;1;female;45;75;23.67
20231013_TISTOF_EV_droui001_EXT00_128_TRP_P8_Trp5_31_S2-C10_1_2557;P08_TrP05_31;Trp5_31;P08;B04;sample;31;TIMES;5;female;45;75;23.67
20231013_TISTOF_EV_droui001_EXT00_129_TRP_P8_Trp4_31_S2-C11_1_2558;P08_TrP04_31;Trp4_31;P08;B04;sample;31;TIMES;4;female;45;75;23.67
20231013_TISTOF_EV_droui001_EXT00_130_TRP_P8_Trp3_31_S2-C12_1_2559;P08_TrP03_31;Trp3_31;P08;B04;sample;31;TIMES;3;female;45;75;23.67
20231013_TISTOF_EV_droui001_EXT00_131_TRP_P8_Trp9_31_S2-D1_1_2560;P08_TrP09_31;Trp9_31;P08;B04;sample;31;TIMES;9;female;45;75;23.67
20231013_TISTOF_EV_droui001_EXT00_132_TRP_P8_Trp12_31_S2-D2_1_2561;P08_Trp12_31;Trp12_31;P08;B04;sample;31;TIMES;12;female;45;75;23.67
20231013_TISTOF_EV_droui001_EXT00_133_TRP_P8_Trp7_31_S2-D3_1_2562;P08_TrP07_31;Trp7_31;P08;B04;sample;31;TIMES;7;female;45;75;23.67
20231013_TISTOF_EV_droui001_EXT00_106_TRP_P8_Trp2_30_S2-B2_1_2535;P08_TrP02_30;Trp2_30;P08;B04;sample;30;TIMES;2;male;25;75;24.77
20231013_TISTOF_EV_droui001_EXT00_108_TRP_P8_Trp11_30_S2-B4_1_2537;P08_Trp11_30;Trp11_30;P08;B04;sample;30;TIMES;11;male;25;75;24.77
20231013_TISTOF_EV_droui001_EXT00_109_TRP_P8_Trp8_30_S2-B5_1_2538;P08_TrP08_30;Trp8_30;P08;B04;sample;30;TIMES;8;male;25;75;24.77
20231013_TISTOF_EV_droui001_EXT00_110_TRP_P8_Trp1_30_S2-B6_1_2539;P08_TrP01_30;Trp1_30;P08;B04;sample;30;TIMES;1;male;25;75;24.77
20231013_TISTOF_EV_droui001_EXT00_111_TRP_P8_Trp5_30_S2-B7_1_2540;P08_TrP05_30;Trp5_30;P08;B04;sample;30;TIMES;5;male;25;75;24.77
20231013_TISTOF_EV_droui001_EXT00_112_TRP_P8_Trp4_30_S2-B8_1_2541;P08_TrP04_30;Trp4_30;P08;B04;sample;30;TIMES;4;male;25;75;24.77
20231013_TISTOF_EV_droui001_EXT00_114_TRP_P8_Trp7_30_S2-B9_1_2543;P08_TrP07_30;Trp7_30;P08;B04;sample;30;TIMES;7;male;25;75;24.77
20231013_TISTOF_EV_droui001_EXT00_115_TRP_P8_Trp12_30_S2-B10_1_2544;P08_Trp12_30;Trp12_30;P08;B04;sample;30;TIMES;12;male;25;75;24.77
20231013_TISTOF_EV_droui001_EXT00_116_TRP_P8_Trp6_30_S2-B11_1_2545;P08_TrP06_30;Trp6_30;P08;B04;sample;30;TIMES;6;male;25;75;24.77
20231013_TISTOF_EV_droui001_EXT00_117_TRP_P8_Trp3_30_S2-B12_1_2546;P08_TrP03_30;Trp3_30;P08;B04;sample;30;TIMES;3;male;25;75;24.77
20231013_TISTOF_EV_droui001_EXT00_118_TRP_P8_Trp10_30_S2-C1_1_2547;P08_Trp10_30;Trp10_30;P08;B04;sample;30;TIMES;10;male;25;75;24.77
20231013_TISTOF_EV_droui001_EXT00_119_TRP_P8_Trp9_30_S2-C2_1_2548;P08_TrP09_30;Trp9_30;P08;B04;sample;30;TIMES;9;male;25;75;24.77
20230926_TISTOF_EV_droui001_EXT00_041_TRP_P1_Trp12_3_S1-C10_1_1761;P01_Trp12_3;Trp12_3;P01;B01;sample;3;TIMES;12;male;31;96;26.59
20230926_TISTOF_EV_droui001_EXT00_042_TRP_P1_Trp5_3_S1-C11_1_1762;P01_TrP05_3;Trp5_3;P01;B01;sample;3;TIMES;5;male;31;96;26.59
20230926_TISTOF_EV_droui001_EXT00_043_TRP_P1_Trp2_3_S1-C12_1_1763;P01_TrP02_3;Trp2_3;P01;B01;sample;3;TIMES;2;male;31;96;26.59
20230926_TISTOF_EV_droui001_EXT00_044_TRP_P1_Trp9_3_S1-D1_1_1764;P01_TrP09_3;Trp9_3;P01;B01;sample;3;TIMES;9;male;31;96;26.59
20230926_TISTOF_EV_droui001_EXT00_045_TRP_P1_Trp11_3_S1-D2_1_1765;P01_Trp11_3;Trp11_3;P01;B01;sample;3;TIMES;11;male;31;96;26.59
20230926_TISTOF_EV_droui001_EXT00_046_TRP_P1_Trp3_3_S1-D3_1_1766;P01_TrP03_3;Trp3_3;P01;B01;sample;3;TIMES;3;male;31;96;26.59
20230926_TISTOF_EV_droui001_EXT00_047_TRP_P1_Trp10_3_S1-D4_1_1767;P01_Trp10_3;Trp10_3;P01;B01;sample;3;TIMES;10;male;31;96;26.59
20230926_TISTOF_EV_droui001_EXT00_049_TRP_P1_Trp1_3_S1-D5_1_1769;P01_TrP01_3;Trp1_3;P01;B01;sample;3;TIMES;1;male;31;96;26.59
20230926_TISTOF_EV_droui001_EXT00_050_TRP_P1_Trp6_3_S1-D6_1_1770;P01_TrP06_3;Trp6_3;P01;B01;sample;3;TIMES;6;male;31;96;26.59
20230926_TISTOF_EV_droui001_EXT00_052_TRP_P1_Trp8_3_S1-D8_1_1772;P01_TrP08_3;Trp8_3;P01;B01;sample;3;TIMES;8;male;31;96;26.59
20230926_TISTOF_EV_droui001_EXT00_053_TRP_P1_Trp4_3_S1-D9_1_1773;P01_TrP04_3;Trp4_3;P01;B01;sample;3;TIMES;4;male;31;96;26.59
20230926_TISTOF_EV_droui001_EXT00_054_TRP_P1_Trp7_3_S1-D10_1_1774;P01_TrP07_3;Trp7_3;P01;B01;sample;3;TIMES;7;male;31;96;26.59
20231006_TISTOF_EV_droui001_EXT00_117_TRP_P6_Trp12_29_S2-B9_1_2215;P06_Trp12_29;Trp12_29;P06;B03;sample;29;TIMES;12;female;39;68;23.53
20231006_TISTOF_EV_droui001_EXT00_118_TRP_P6_Trp4_29_S2-B10_1_2216;P06_TrP04_29;Trp4_29;P06;B03;sample;29;TIMES;4;female;39;68;23.53
20231006_TISTOF_EV_droui001_EXT00_119_TRP_P6_Trp8_29_S2-B11_1_2217;P06_TrP08_29;Trp8_29;P06;B03;sample;29;TIMES;8;female;39;68;23.53
20231006_TISTOF_EV_droui001_EXT00_120_TRP_P6_Trp2_29_S2-B12_1_2218;P06_TrP02_29;Trp2_29;P06;B03;sample;29;TIMES;2;female;39;68;23.53
20231006_TISTOF_EV_droui001_EXT00_121_TRP_P6_Trp1_29_S2-C1_1_2219;P06_TrP01_29;Trp1_29;P06;B03;sample;29;TIMES;1;female;39;68;23.53
20231006_TISTOF_EV_droui001_EXT00_122_TRP_P6_Trp3_29_S2-C2_1_2220;P06_TrP03_29;Trp3_29;P06;B03;sample;29;TIMES;3;female;39;68;23.53
20231006_TISTOF_EV_droui001_EXT00_123_TRP_P6_Trp11_29_S2-C3_1_2221;P06_Trp11_29;Trp11_29;P06;B03;sample;29;TIMES;11;female;39;68;23.53
20231006_TISTOF_EV_droui001_EXT00_124_TRP_P6_Trp10_29_S2-C4_1_2222;P06_Trp10_29;Trp10_29;P06;B03;sample;29;TIMES;10;female;39;68;23.53
20231006_TISTOF_EV_droui001_EXT00_126_TRP_P6_Trp5_29_S2-C6_1_2224;P06_TrP05_29;Trp5_29;P06;B03;sample;29;TIMES;5;female;39;68;23.53
20231006_TISTOF_EV_droui001_EXT00_128_TRP_P6_Trp6_29_S2-C7_1_2226;P06_TrP06_29;Trp6_29;P06;B03;sample;29;TIMES;6;female;39;68;23.53
20231006_TISTOF_EV_droui001_EXT00_129_TRP_P6_Trp7_29_S2-C8_1_2227;P06_TrP07_29;Trp7_29;P06;B03;sample;29;TIMES;7;female;39;68;23.53
20231006_TISTOF_EV_droui001_EXT00_130_TRP_P6_Trp9_29_S2-C9_1_2228;P06_TrP09_29;Trp9_29;P06;B03;sample;29;TIMES;9;female;39;68;23.53
20231002_TISTOF_EV_droui001_EXT00_052_TRP_P3_Trp3_28_S1-D8_1_1960;P03_TrP03_28;Trp3_28;P03;B02;sample;28;TIMES;3;female;55;63;20.34
20231002_TISTOF_EV_droui001_EXT00_053_TRP_P3_Trp1_28_S1-D9_1_1961;P03_TrP01_28;Trp1_28;P03;B02;sample;28;TIMES;1;female;55;63;20.34
20231002_TISTOF_EV_droui001_EXT00_054_TRP_P3_Trp5_28_S1-D10_1_1962;P03_TrP05_28;Trp5_28;P03;B02;sample;28;TIMES;5;female;55;63;20.34
20231002_TISTOF_EV_droui001_EXT00_055_TRP_P3_Trp6_28_S1-D11_1_1963;P03_TrP06_28;Trp6_28;P03;B02;sample;28;TIMES;6;female;55;63;20.34
20231002_TISTOF_EV_droui001_EXT00_056_TRP_P3_Trp11_28_S1-D12_1_1964;P03_Trp11_28;Trp11_28;P03;B02;sample;28;TIMES;11;female;55;63;20.34
20231002_TISTOF_EV_droui001_EXT00_057_TRP_P3_Trp2_28_S1-E1_1_1965;P03_TrP02_28;Trp2_28;P03;B02;sample;28;TIMES;2;female;55;63;20.34
20231002_TISTOF_EV_droui001_EXT00_058_TRP_P3_Trp7_28_S1-E2_1_1966;P03_TrP07_28;Trp7_28;P03;B02;sample;28;TIMES;7;female;55;63;20.34
20231002_TISTOF_EV_droui001_EXT00_060_TRP_P3_Trp4_28_S1-E3_1_1968;P03_TrP04_28;Trp4_28;P03;B02;sample;28;TIMES;4;female;55;63;20.34
20231002_TISTOF_EV_droui001_EXT00_061_TRP_P3_Trp9_28_S1-E4_1_1969;P03_TrP09_28;Trp9_28;P03;B02;sample;28;TIMES;9;female;55;63;20.34
20231002_TISTOF_EV_droui001_EXT00_062_TRP_P3_Trp12_28_S1-E5_1_1970;P03_Trp12_28;Trp12_28;P03;B02;sample;28;TIMES;12;female;55;63;20.34
20231002_TISTOF_EV_droui001_EXT00_063_TRP_P3_Trp10_28_S1-E6_1_1971;P03_Trp10_28;Trp10_28;P03;B02;sample;28;TIMES;10;female;55;63;20.34
20231002_TISTOF_EV_droui001_EXT00_064_TRP_P3_Trp8_28_S1-E7_1_1972;P03_TrP08_28;Trp8_28;P03;B02;sample;28;TIMES;8;female;55;63;20.34
20231117_TISTOF_EV_droui001_EXT00_033_TRP_P9_Trp11_27_S1-C3_1_2833;P09_Trp11_27;Trp11_27;P09;B05;sample;27;TIMES;11;male;29;82;27.72
20231117_TISTOF_EV_droui001_EXT00_034_TRP_P9_Trp10_27_S1-C4_1_2834;P09_Trp10_27;Trp10_27;P09;B05;sample;27;TIMES;10;male;29;82;27.72
20231117_TISTOF_EV_droui001_EXT00_036_TRP_P9_Trp1_27_S1-C6_1_2836;P09_TrP01_27;Trp1_27;P09;B05;sample;27;TIMES;1;male;29;82;27.72
20231117_TISTOF_EV_droui001_EXT00_038_TRP_P9_Trp12_27_S1-C7_1_2838;P09_Trp12_27;Trp12_27;P09;B05;sample;27;TIMES;12;male;29;82;27.72
20231117_TISTOF_EV_droui001_EXT00_039_TRP_P9_Trp6_27_S1-C8_1_2839;P09_TrP06_27;Trp6_27;P09;B05;sample;27;TIMES;6;male;29;82;27.72
20231117_TISTOF_EV_droui001_EXT00_040_TRP_P9_Trp2_27_S1-C9_1_2840;P09_TrP02_27;Trp2_27;P09;B05;sample;27;TIMES;2;male;29;82;27.72
20231117_TISTOF_EV_droui001_EXT00_041_TRP_P9_Trp4_27_S1-C10_1_2841;P09_TrP04_27;Trp4_27;P09;B05;sample;27;TIMES;4;male;29;82;27.72
20231117_TISTOF_EV_droui001_EXT00_042_TRP_P9_Trp7_27_S1-C11_1_2842;P09_TrP07_27;Trp7_27;P09;B05;sample;27;TIMES;7;male;29;82;27.72
20231117_TISTOF_EV_droui001_EXT00_043_TRP_P9_Trp5_27_S1-C12_1_2843;P09_TrP05_27;Trp5_27;P09;B05;sample;27;TIMES;5;male;29;82;27.72
20231117_TISTOF_EV_droui001_EXT00_044_TRP_P9_Trp9_27_S1-D1_1_2844;P09_TrP09_27;Trp9_27;P09;B05;sample;27;TIMES;9;male;29;82;27.72
20231117_TISTOF_EV_droui001_EXT00_045_TRP_P9_Trp8_27_S1-D2_1_2845;P09_TrP08_27;Trp8_27;P09;B05;sample;27;TIMES;8;male;29;82;27.72
20231117_TISTOF_EV_droui001_EXT00_046_TRP_P9_Trp3_27_S1-D3_1_2846;P09_TrP03_27;Trp3_27;P09;B05;sample;27;TIMES;3;male;29;82;27.72
20231117_TISTOF_EV_droui001_EXT00_099_TRP_P10_Trp4_26_S2-A2_1_2899;P10_TrP04_26;Trp4_26;P10;B05;sample;26;TIMES;4;female;22;107;39.78
20231117_TISTOF_EV_droui001_EXT00_100_TRP_P10_Trp6_26_S2-A3_1_2900;P10_TrP06_26;Trp6_26;P10;B05;sample;26;TIMES;6;female;22;107;39.78
20231117_TISTOF_EV_droui001_EXT00_101_TRP_P10_Trp9_26_S2-A4_1_2901;P10_TrP09_26;Trp9_26;P10;B05;sample;26;TIMES;9;female;22;107;39.78
20231117_TISTOF_EV_droui001_EXT00_102_TRP_P10_Trp2_26_S2-A5_1_2902;P10_TrP02_26;Trp2_26;P10;B05;sample;26;TIMES;2;female;22;107;39.78
20231117_TISTOF_EV_droui001_EXT00_103_TRP_P10_Trp8_26_S2-A6_1_2903;P10_TrP08_26;Trp8_26;P10;B05;sample;26;TIMES;8;female;22;107;39.78
20231117_TISTOF_EV_droui001_EXT00_104_TRP_P10_Trp3_26_S2-A7_1_2904;P10_TrP03_26;Trp3_26;P10;B05;sample;26;TIMES;3;female;22;107;39.78
20231117_TISTOF_EV_droui001_EXT00_105_TRP_P10_Trp11_26_S2-A8_1_2905;P10_Trp11_26;Trp11_26;P10;B05;sample;26;TIMES;11;female;22;107;39.78
20231117_TISTOF_EV_droui001_EXT00_106_TRP_P10_Trp7_26_S2-A9_1_2906;P10_TrP07_26;Trp7_26;P10;B05;sample;26;TIMES;7;female;22;107;39.78
20231117_TISTOF_EV_droui001_EXT00_107_TRP_P10_Trp1_26_S2-A10_1_2907;P10_TrP01_26;Trp1_26;P10;B05;sample;26;TIMES;1;female;22;107;39.78
20231117_TISTOF_EV_droui001_EXT00_109_TRP_P10_Trp5_26_S2-A11_1_2909;P10_TrP05_26;Trp5_26;P10;B05;sample;26;TIMES;5;female;22;107;39.78
20231117_TISTOF_EV_droui001_EXT00_110_TRP_P10_Trp12_26_S2-A12_1_2910;P10_Trp12_26;Trp12_26;P10;B05;sample;26;TIMES;12;female;22;107;39.78
20231002_TISTOF_EV_droui001_EXT00_106_TRP_P4_Trp10_25_S2-A11_1_2015;P04_Trp10_25;Trp10_25;P04;B02;sample;25;TIMES;10;male;23;77;23.77
20231002_TISTOF_EV_droui001_EXT00_107_TRP_P4_Trp5_25_S2-A12_1_2016;P04_TrP05_25;Trp5_25;P04;B02;sample;25;TIMES;5;male;23;77;23.77
20231002_TISTOF_EV_droui001_EXT00_108_TRP_P4_Trp3_25_S2-B1_1_2017;P04_TrP03_25;Trp3_25;P04;B02;sample;25;TIMES;3;male;23;77;23.77
20231002_TISTOF_EV_droui001_EXT00_109_TRP_P4_Trp2_25_S2-B2_1_2018;P04_TrP02_25;Trp2_25;P04;B02;sample;25;TIMES;2;male;23;77;23.77
20231002_TISTOF_EV_droui001_EXT00_111_TRP_P4_Trp4_25_S2-B4_1_2020;P04_TrP04_25;Trp4_25;P04;B02;sample;25;TIMES;4;male;23;77;23.77
20231002_TISTOF_EV_droui001_EXT00_112_TRP_P4_Trp8_25_S2-B5_1_2021;P04_TrP08_25;Trp8_25;P04;B02;sample;25;TIMES;8;male;23;77;23.77
20231002_TISTOF_EV_droui001_EXT00_113_TRP_P4_Trp1_25_S2-B6_1_2022;P04_TrP01_25;Trp1_25;P04;B02;sample;25;TIMES;1;male;23;77;23.77
20231002_TISTOF_EV_droui001_EXT00_114_TRP_P4_Trp7_25_S2-B7_1_2023;P04_TrP07_25;Trp7_25;P04;B02;sample;25;TIMES;7;male;23;77;23.77
20231002_TISTOF_EV_droui001_EXT00_115_TRP_P4_Trp12_25_S2-B8_1_2024;P04_Trp12_25;Trp12_25;P04;B02;sample;25;TIMES;12;male;23;77;23.77
20231002_TISTOF_EV_droui001_EXT00_117_TRP_P4_Trp9_25_S2-B9_1_2026;P04_TrP09_25;Trp9_25;P04;B02;sample;25;TIMES;9;male;23;77;23.77
20231002_TISTOF_EV_droui001_EXT00_118_TRP_P4_Trp6_25_S2-B10_1_2027;P04_TrP06_25;Trp6_25;P04;B02;sample;25;TIMES;6;male;23;77;23.77
20231006_TISTOF_EV_droui001_EXT00_142_TRP_P6_Trp2_24_S2-D8_1_2240;P06_TrP02_24;Trp2_24;P06;B03;sample;24;TIMES;2;female;27;52;18.42
20231006_TISTOF_EV_droui001_EXT00_143_TRP_P6_Trp4_24_S2-D9_1_2241;P06_TrP04_24;Trp4_24;P06;B03;sample;24;TIMES;4;female;27;52;18.42
20231006_TISTOF_EV_droui001_EXT00_144_TRP_P6_Trp1_24_S2-D10_1_2242;P06_TrP01_24;Trp1_24;P06;B03;sample;24;TIMES;1;female;27;52;18.42
20231006_TISTOF_EV_droui001_EXT00_145_TRP_P6_Trp3_24_S2-D11_1_2243;P06_TrP03_24;Trp3_24;P06;B03;sample;24;TIMES;3;female;27;52;18.42
20231006_TISTOF_EV_droui001_EXT00_146_TRP_P6_Trp10_24_S2-D12_1_2244;P06_Trp10_24;Trp10_24;P06;B03;sample;24;TIMES;10;female;27;52;18.42
20231006_TISTOF_EV_droui001_EXT00_147_TRP_P6_Trp11_24_S2-E1_1_2245;P06_Trp11_24;Trp11_24;P06;B03;sample;24;TIMES;11;female;27;52;18.42
20231006_TISTOF_EV_droui001_EXT00_148_TRP_P6_Trp8_24_S2-E2_1_2246;P06_TrP08_24;Trp8_24;P06;B03;sample;24;TIMES;8;female;27;52;18.42
20231006_TISTOF_EV_droui001_EXT00_150_TRP_P6_Trp5_24_S2-E3_1_2248;P06_TrP05_24;Trp5_24;P06;B03;sample;24;TIMES;5;female;27;52;18.42
20231006_TISTOF_EV_droui001_EXT00_151_TRP_P6_Trp12_24_S2-E4_1_2249;P06_Trp12_24;Trp12_24;P06;B03;sample;24;TIMES;12;female;27;52;18.42
20231006_TISTOF_EV_droui001_EXT00_152_TRP_P6_Trp6_24_S2-E5_1_2250;P06_TrP06_24;Trp6_24;P06;B03;sample;24;TIMES;6;female;27;52;18.42
20231006_TISTOF_EV_droui001_EXT00_153_TRP_P6_Trp7_24_S2-E6_1_2251;P06_TrP07_24;Trp7_24;P06;B03;sample;24;TIMES;7;female;27;52;18.42
20231006_TISTOF_EV_droui001_EXT00_154_TRP_P6_Trp9_24_S2-E7_1_2252;P06_TrP09_24;Trp9_24;P06;B03;sample;24;TIMES;9;female;27;52;18.42
20230926_TISTOF_EV_droui001_EXT00_120_TRP_P2_Trp7_23_S2-B12_1_1840;P02_TrP07_23;Trp7_23;P02;B01;sample;23;TIMES;7;female;26;65;20.52
20230926_TISTOF_EV_droui001_EXT00_121_TRP_P2_Trp11_23_S2-C1_1_1841;P02_Trp11_23;Trp11_23;P02;B01;sample;23;TIMES;11;female;26;65;20.52
20230926_TISTOF_EV_droui001_EXT00_122_TRP_P2_Trp6_23_S2-C2_1_1842;P02_TrP06_23;Trp6_23;P02;B01;sample;23;TIMES;6;female;26;65;20.52
20230926_TISTOF_EV_droui001_EXT00_123_TRP_P2_Trp2_23_S2-C3_1_1843;P02_TrP02_23;Trp2_23;P02;B01;sample;23;TIMES;2;female;26;65;20.52
20230926_TISTOF_EV_droui001_EXT00_124_TRP_P2_Trp12_23_S2-C4_1_1844;P02_Trp12_23;Trp12_23;P02;B01;sample;23;TIMES;12;female;26;65;20.52
20230926_TISTOF_EV_droui001_EXT00_126_TRP_P2_Trp1_23_S2-C6_1_1846;P02_TrP01_23;Trp1_23;P02;B01;sample;23;TIMES;1;female;26;65;20.52
20230926_TISTOF_EV_droui001_EXT00_128_TRP_P2_Trp5_23_S2-C7_1_1848;P02_TrP05_23;Trp5_23;P02;B01;sample;23;TIMES;5;female;26;65;20.52
20230926_TISTOF_EV_droui001_EXT00_129_TRP_P2_Trp10_23_S2-C8_1_1849;P02_Trp10_23;Trp10_23;P02;B01;sample;23;TIMES;10;female;26;65;20.52
20230926_TISTOF_EV_droui001_EXT00_130_TRP_P2_Trp3_23_S2-C9_1_1850;P02_TrP03_23;Trp3_23;P02;B01;sample;23;TIMES;3;female;26;65;20.52
20230926_TISTOF_EV_droui001_EXT00_131_TRP_P2_Trp4_23_S2-C10_1_1851;P02_TrP04_23;Trp4_23;P02;B01;sample;23;TIMES;4;female;26;65;20.52
20230926_TISTOF_EV_droui001_EXT00_132_TRP_P2_Trp8_23_S2-C11_1_1852;P02_TrP08_23;Trp8_23;P02;B01;sample;23;TIMES;8;female;26;65;20.52
20230926_TISTOF_EV_droui001_EXT00_133_TRP_P2_Trp9_23_S2-C12_1_1853;P02_TrP09_23;Trp9_23;P02;B01;sample;23;TIMES;9;female;26;65;20.52
20231002_TISTOF_EV_droui001_EXT00_016_TRP_P3_Trp11_22_S1-A11_1_1924;P03_Trp11_22;Trp11_22;P03;B02;sample;22;TIMES;11;female;49;75;27.89
20231002_TISTOF_EV_droui001_EXT00_017_TRP_P3_Trp5_22_S1-A12_1_1925;P03_TrP05_22;Trp5_22;P03;B02;sample;22;TIMES;5;female;49;75;27.89
20231002_TISTOF_EV_droui001_EXT00_018_TRP_P3_Trp2_22_S1-B1_1_1926;P03_TrP02_22;Trp2_22;P03;B02;sample;22;TIMES;2;female;49;75;27.89
20231002_TISTOF_EV_droui001_EXT00_019_TRP_P3_Trp10_22_S1-B2_1_1927;P03_Trp10_22;Trp10_22;P03;B02;sample;22;TIMES;10;female;49;75;27.89
20231002_TISTOF_EV_droui001_EXT00_021_TRP_P3_Trp12_22_S1-B4_1_1929;P03_Trp12_22;Trp12_22;P03;B02;sample;22;TIMES;12;female;49;75;27.89
20231002_TISTOF_EV_droui001_EXT00_022_TRP_P3_Trp6_22_S1-B5_1_1930;P03_TrP06_22;Trp6_22;P03;B02;sample;22;TIMES;6;female;49;75;27.89
20231002_TISTOF_EV_droui001_EXT00_023_TRP_P3_Trp1_22_S1-B6_1_1931;P03_TrP01_22;Trp1_22;P03;B02;sample;22;TIMES;1;female;49;75;27.89
20231002_TISTOF_EV_droui001_EXT00_024_TRP_P3_Trp7_22_S1-B7_1_1932;P03_TrP07_22;Trp7_22;P03;B02;sample;22;TIMES;7;female;49;75;27.89
20231002_TISTOF_EV_droui001_EXT00_025_TRP_P3_Trp4_22_S1-B8_1_1933;P03_TrP04_22;Trp4_22;P03;B02;sample;22;TIMES;4;female;49;75;27.89
20231002_TISTOF_EV_droui001_EXT00_027_TRP_P3_Trp3_22_S1-B9_1_1935;P03_TrP03_22;Trp3_22;P03;B02;sample;22;TIMES;3;female;49;75;27.89
20230926_TISTOF_EV_droui001_EXT00_169_TRP_P2_Trp1_21_S2-F9_1_1889;P02_TrP01_21;Trp1_21;P02;B01;sample;21;TIMES;1;male;23;92;23.71
20230926_TISTOF_EV_droui001_EXT00_170_TRP_P2_Trp2_21_S2-F10_1_1890;P02_TrP02_21;Trp2_21;P02;B01;sample;21;TIMES;2;male;23;92;23.71
20230926_TISTOF_EV_droui001_EXT00_173_TRP_P2_Trp11_21_S2-F12_1_1893;P02_Trp11_21;Trp11_21;P02;B01;sample;21;TIMES;11;male;23;92;23.71
20230926_TISTOF_EV_droui001_EXT00_174_TRP_P2_Trp12_21_S2-G1_1_1894;P02_Trp12_21;Trp12_21;P02;B01;sample;21;TIMES;12;male;23;92;23.71
20230926_TISTOF_EV_droui001_EXT00_175_TRP_P2_Trp7_21_S2-G2_1_1895;P02_TrP07_21;Trp7_21;P02;B01;sample;21;TIMES;7;male;23;92;23.71
20230926_TISTOF_EV_droui001_EXT00_176_TRP_P2_Trp9_21_S2-G3_1_1896;P02_TrP09_21;Trp9_21;P02;B01;sample;21;TIMES;9;male;23;92;23.71
20230926_TISTOF_EV_droui001_EXT00_177_TRP_P2_Trp6_21_S2-G4_1_1897;P02_TrP06_21;Trp6_21;P02;B01;sample;21;TIMES;6;male;23;92;23.71
20230926_TISTOF_EV_droui001_EXT00_178_TRP_P2_Trp4_21_S2-G5_1_1898;P02_TrP04_21;Trp4_21;P02;B01;sample;21;TIMES;4;male;23;92;23.71
20230926_TISTOF_EV_droui001_EXT00_179_TRP_P2_Trp8_21_S2-G6_1_1899;P02_TrP08_21;Trp8_21;P02;B01;sample;21;TIMES;8;male;23;92;23.71
20230926_TISTOF_EV_droui001_EXT00_180_TRP_P2_Trp5_21_S2-G7_1_1900;P02_TrP05_21;Trp5_21;P02;B01;sample;21;TIMES;5;male;23;92;23.71
20230926_TISTOF_EV_droui001_EXT00_181_TRP_P2_Trp10_21_S2-G8_1_1901;P02_Trp10_21;Trp10_21;P02;B01;sample;21;TIMES;10;male;23;92;23.71
20230926_TISTOF_EV_droui001_EXT00_182_TRP_P2_Trp3_21_S2-G9_1_1902;P02_TrP03_21;Trp3_21;P02;B01;sample;21;TIMES;3;male;23;92;23.71
20231117_TISTOF_EV_droui001_EXT00_076_TRP_P9_Trp12_20_S1-F6_1_2876;P09_Trp12_20;Trp12_20;P09;B05;sample;20;TIMES;12;male;56;82;25.31
20231117_TISTOF_EV_droui001_EXT00_077_TRP_P9_Trp5_20_S1-F7_1_2877;P09_TrP05_20;Trp5_20;P09;B05;sample;20;TIMES;5;male;56;82;25.31
20231117_TISTOF_EV_droui001_EXT00_078_TRP_P9_Trp2_20_S1-F8_1_2878;P09_TrP02_20;Trp2_20;P09;B05;sample;20;TIMES;2;male;56;82;25.31
20231117_TISTOF_EV_droui001_EXT00_079_TRP_P9_Trp7_20_S1-F9_1_2879;P09_TrP07_20;Trp7_20;P09;B05;sample;20;TIMES;7;male;56;82;25.31
20231117_TISTOF_EV_droui001_EXT00_080_TRP_P9_Trp6_20_S1-F10_1_2880;P09_TrP06_20;Trp6_20;P09;B05;sample;20;TIMES;6;male;56;82;25.31
20231117_TISTOF_EV_droui001_EXT00_083_TRP_P9_Trp10_20_S1-F12_1_2883;P09_Trp10_20;Trp10_20;P09;B05;sample;20;TIMES;10;male;56;82;25.31
20231117_TISTOF_EV_droui001_EXT00_084_TRP_P9_Trp1_20_S1-G1_1_2884;P09_TrP01_20;Trp1_20;P09;B05;sample;20;TIMES;1;male;56;82;25.31
20231117_TISTOF_EV_droui001_EXT00_085_TRP_P9_Trp11_20_S1-G2_1_2885;P09_Trp11_20;Trp11_20;P09;B05;sample;20;TIMES;11;male;56;82;25.31
20231117_TISTOF_EV_droui001_EXT00_086_TRP_P9_Trp8_20_S1-G3_1_2886;P09_TrP08_20;Trp8_20;P09;B05;sample;20;TIMES;8;male;56;82;25.31
20231117_TISTOF_EV_droui001_EXT00_087_TRP_P9_Trp3_20_S1-G4_1_2887;P09_TrP03_20;Trp3_20;P09;B05;sample;20;TIMES;3;male;56;82;25.31
20231117_TISTOF_EV_droui001_EXT00_088_TRP_P9_Trp4_20_S1-G5_1_2888;P09_TrP04_20;Trp4_20;P09;B05;sample;20;TIMES;4;male;56;82;25.31
20230926_TISTOF_EV_droui001_EXT00_028_TRP_P1_Trp10_19_S1-B10_1_1748;P01_Trp10_19;Trp10_19;P01;B01;sample;19;TIMES;10;female;52;57;21.19
20230926_TISTOF_EV_droui001_EXT00_029_TRP_P1_Trp11_19_S1-B11_1_1749;P01_Trp11_19;Trp11_19;P01;B01;sample;19;TIMES;11;female;52;57;21.19
20230926_TISTOF_EV_droui001_EXT00_030_TRP_P1_Trp4_19_S1-B12_1_1750;P01_TrP04_19;Trp4_19;P01;B01;sample;19;TIMES;4;female;52;57;21.19
20230926_TISTOF_EV_droui001_EXT00_031_TRP_P1_Trp3_19_S1-C1_1_1751;P01_TrP03_19;Trp3_19;P01;B01;sample;19;TIMES;3;female;52;57;21.19
20230926_TISTOF_EV_droui001_EXT00_032_TRP_P1_Trp7_19_S1-C2_1_1752;P01_TrP07_19;Trp7_19;P01;B01;sample;19;TIMES;7;female;52;57;21.19
20230926_TISTOF_EV_droui001_EXT00_033_TRP_P1_Trp1_19_S1-C3_1_1753;P01_TrP01_19;Trp1_19;P01;B01;sample;19;TIMES;1;female;52;57;21.19
20230926_TISTOF_EV_droui001_EXT00_034_TRP_P1_Trp6_19_S1-C4_1_1754;P01_TrP06_19;Trp6_19;P01;B01;sample;19;TIMES;6;female;52;57;21.19
20230926_TISTOF_EV_droui001_EXT00_036_TRP_P1_Trp8_19_S1-C6_1_1756;P01_TrP08_19;Trp8_19;P01;B01;sample;19;TIMES;8;female;52;57;21.19
20230926_TISTOF_EV_droui001_EXT00_038_TRP_P1_Trp2_19_S1-C7_1_1758;P01_TrP02_19;Trp2_19;P01;B01;sample;19;TIMES;2;female;52;57;21.19
20230926_TISTOF_EV_droui001_EXT00_039_TRP_P1_Trp5_19_S1-C8_1_1759;P01_TrP05_19;Trp5_19;P01;B01;sample;19;TIMES;5;female;52;57;21.19
20230926_TISTOF_EV_droui001_EXT00_040_TRP_P1_Trp12_19_S1-C9_1_1760;P01_Trp12_19;Trp12_19;P01;B01;sample;19;TIMES;12;female;52;57;21.19
20231002_TISTOF_EV_droui001_EXT00_119_TRP_P4_Trp12_17_S2-B11_1_2028;P04_Trp12_17;Trp12_17;P04;B02;sample;17;TIMES;12;female;35;72;23.78
20231002_TISTOF_EV_droui001_EXT00_120_TRP_P4_Trp6_17_S2-B12_1_2029;P04_TrP06_17;Trp6_17;P04;B02;sample;17;TIMES;6;female;35;72;23.78
20231002_TISTOF_EV_droui001_EXT00_121_TRP_P4_Trp5_17_S2-C1_1_2030;P04_TrP05_17;Trp5_17;P04;B02;sample;17;TIMES;5;female;35;72;23.78
20231002_TISTOF_EV_droui001_EXT00_122_TRP_P4_Trp3_17_S2-C2_1_2031;P04_TrP03_17;Trp3_17;P04;B02;sample;17;TIMES;3;female;35;72;23.78
20231002_TISTOF_EV_droui001_EXT00_123_TRP_P4_Trp9_17_S2-C3_1_2032;P04_TrP09_17;Trp9_17;P04;B02;sample;17;TIMES;9;female;35;72;23.78
20231002_TISTOF_EV_droui001_EXT00_124_TRP_P4_Trp8_17_S2-C4_1_2033;P04_TrP08_17;Trp8_17;P04;B02;sample;17;TIMES;8;female;35;72;23.78
20231002_TISTOF_EV_droui001_EXT00_126_TRP_P4_Trp10_17_S2-C6_1_2035;P04_Trp10_17;Trp10_17;P04;B02;sample;17;TIMES;10;female;35;72;23.78
20231002_TISTOF_EV_droui001_EXT00_128_TRP_P4_Trp7_17_S2-C7_1_2037;P04_TrP07_17;Trp7_17;P04;B02;sample;17;TIMES;7;female;35;72;23.78
20231002_TISTOF_EV_droui001_EXT00_129_TRP_P4_Trp2_17_S2-C8_1_2038;P04_TrP02_17;Trp2_17;P04;B02;sample;17;TIMES;2;female;35;72;23.78
20231002_TISTOF_EV_droui001_EXT00_130_TRP_P4_Trp4_17_S2-C9_1_2039;P04_TrP04_17;Trp4_17;P04;B02;sample;17;TIMES;4;female;35;72;23.78
20231002_TISTOF_EV_droui001_EXT00_131_TRP_P4_Trp11_17_S2-C10_1_2040;P04_Trp11_17;Trp11_17;P04;B02;sample;17;TIMES;11;female;35;72;23.78
20231013_TISTOF_EV_droui001_EXT00_163_TRP_P8_Trp5_16_S2-F6_1_2592;P08_TrP05_16;Trp5_16;P08;B04;sample;16;TIMES;5;male;31;115;32.54
20231013_TISTOF_EV_droui001_EXT00_164_TRP_P8_Trp8_16_S2-F7_1_2593;P08_TrP08_16;Trp8_16;P08;B04;sample;16;TIMES;8;male;31;115;32.54
20231013_TISTOF_EV_droui001_EXT00_165_TRP_P8_Trp1_16_S2-F8_1_2594;P08_TrP01_16;Trp1_16;P08;B04;sample;16;TIMES;1;male;31;115;32.54
20231013_TISTOF_EV_droui001_EXT00_166_TRP_P8_Trp2_16_S2-F9_1_2595;P08_TrP02_16;Trp2_16;P08;B04;sample;16;TIMES;2;male;31;115;32.54
20231013_TISTOF_EV_droui001_EXT00_167_TRP_P8_Trp12_16_S2-F10_1_2596;P08_Trp12_16;Trp12_16;P08;B04;sample;16;TIMES;12;male;31;115;32.54
20231013_TISTOF_EV_droui001_EXT00_170_TRP_P8_Trp3_16_S2-F12_1_2599;P08_TrP03_16;Trp3_16;P08;B04;sample;16;TIMES;3;male;31;115;32.54
20231013_TISTOF_EV_droui001_EXT00_171_TRP_P8_Trp4_16_S2-G1_1_2600;P08_TrP04_16;Trp4_16;P08;B04;sample;16;TIMES;4;male;31;115;32.54
20231013_TISTOF_EV_droui001_EXT00_172_TRP_P8_Trp6_16_S2-G2_1_2601;P08_TrP06_16;Trp6_16;P08;B04;sample;16;TIMES;6;male;31;115;32.54
20231013_TISTOF_EV_droui001_EXT00_173_TRP_P8_Trp11_16_S2-G3_1_2602;P08_Trp11_16;Trp11_16;P08;B04;sample;16;TIMES;11;male;31;115;32.54
20231013_TISTOF_EV_droui001_EXT00_174_TRP_P8_Trp7_16_S2-G4_1_2603;P08_TrP07_16;Trp7_16;P08;B04;sample;16;TIMES;7;male;31;115;32.54
20231013_TISTOF_EV_droui001_EXT00_175_TRP_P8_Trp10_16_S2-G5_1_2604;P08_Trp10_16;Trp10_16;P08;B04;sample;16;TIMES;10;male;31;115;32.54
20231002_TISTOF_EV_droui001_EXT00_132_TRP_P4_Trp11_15_S2-C11_1_2041;P04_Trp11_15;Trp11_15;P04;B02;sample;15;TIMES;11;female;37;60;20.76
20231002_TISTOF_EV_droui001_EXT00_133_TRP_P4_Trp2_15_S2-C12_1_2042;P04_TrP02_15;Trp2_15;P04;B02;sample;15;TIMES;2;female;37;60;20.76
20231002_TISTOF_EV_droui001_EXT00_134_TRP_P4_Trp4_15_S2-D1_1_2043;P04_TrP04_15;Trp4_15;P04;B02;sample;15;TIMES;4;female;37;60;20.76
20231002_TISTOF_EV_droui001_EXT00_135_TRP_P4_Trp3_15_S2-D2_1_2044;P04_TrP03_15;Trp3_15;P04;B02;sample;15;TIMES;3;female;37;60;20.76
20231002_TISTOF_EV_droui001_EXT00_136_TRP_P4_Trp12_15_S2-D3_1_2045;P04_Trp12_15;Trp12_15;P04;B02;sample;15;TIMES;12;female;37;60;20.76
20231002_TISTOF_EV_droui001_EXT00_137_TRP_P4_Trp10_15_S2-D4_1_2046;P04_Trp10_15;Trp10_15;P04;B02;sample;15;TIMES;10;female;37;60;20.76
20231002_TISTOF_EV_droui001_EXT00_139_TRP_P4_Trp8_15_S2-D5_1_2048;P04_TrP08_15;Trp8_15;P04;B02;sample;15;TIMES;8;female;37;60;20.76
20231002_TISTOF_EV_droui001_EXT00_140_TRP_P4_Trp6_15_S2-D6_1_2049;P04_TrP06_15;Trp6_15;P04;B02;sample;15;TIMES;6;female;37;60;20.76
20231002_TISTOF_EV_droui001_EXT00_142_TRP_P4_Trp5_15_S2-D8_1_2051;P04_TrP05_15;Trp5_15;P04;B02;sample;15;TIMES;5;female;37;60;20.76
20231002_TISTOF_EV_droui001_EXT00_143_TRP_P4_Trp1_15_S2-D9_1_2052;P04_TrP01_15;Trp1_15;P04;B02;sample;15;TIMES;1;female;37;60;20.76
20231002_TISTOF_EV_droui001_EXT00_144_TRP_P4_Trp7_15_S2-D10_1_2053;P04_TrP07_15;Trp7_15;P04;B02;sample;15;TIMES;7;female;37;60;20.76
20231002_TISTOF_EV_droui001_EXT00_028_TRP_P3_Trp8_14_S1-B10_1_1936;P03_TrP08_14;Trp8_14;P03;B02;sample;14;TIMES;8;male;35;95;26.88
20231002_TISTOF_EV_droui001_EXT00_029_TRP_P3_Trp3_14_S1-B11_1_1937;P03_TrP03_14;Trp3_14;P03;B02;sample;14;TIMES;3;male;35;95;26.88
20231002_TISTOF_EV_droui001_EXT00_030_TRP_P3_Trp10_14_S1-B12_1_1938;P03_Trp10_14;Trp10_14;P03;B02;sample;14;TIMES;10;male;35;95;26.88
20231002_TISTOF_EV_droui001_EXT00_031_TRP_P3_Trp4_14_S1-C1_1_1939;P03_TrP04_14;Trp4_14;P03;B02;sample;14;TIMES;4;male;35;95;26.88
20231002_TISTOF_EV_droui001_EXT00_032_TRP_P3_Trp2_14_S1-C2_1_1940;P03_TrP02_14;Trp2_14;P03;B02;sample;14;TIMES;2;male;35;95;26.88
20231002_TISTOF_EV_droui001_EXT00_033_TRP_P3_Trp12_14_S1-C3_1_1941;P03_Trp12_14;Trp12_14;P03;B02;sample;14;TIMES;12;male;35;95;26.88
20231002_TISTOF_EV_droui001_EXT00_034_TRP_P3_Trp11_14_S1-C4_1_1942;P03_Trp11_14;Trp11_14;P03;B02;sample;14;TIMES;11;male;35;95;26.88
20231002_TISTOF_EV_droui001_EXT00_036_TRP_P3_Trp1_14_S1-C6_1_1944;P03_TrP01_14;Trp1_14;P03;B02;sample;14;TIMES;1;male;35;95;26.88
20231002_TISTOF_EV_droui001_EXT00_038_TRP_P3_Trp7_14_S1-C7_1_1946;P03_TrP07_14;Trp7_14;P03;B02;sample;14;TIMES;7;male;35;95;26.88
20231002_TISTOF_EV_droui001_EXT00_039_TRP_P3_Trp6_14_S1-C8_1_1947;P03_TrP06_14;Trp6_14;P03;B02;sample;14;TIMES;6;male;35;95;26.88
20231002_TISTOF_EV_droui001_EXT00_040_TRP_P3_Trp5_14_S1-C9_1_1948;P03_TrP05_14;Trp5_14;P03;B02;sample;14;TIMES;5;male;35;95;26.88
20230926_TISTOF_EV_droui001_EXT00_145_TRP_P2_Trp3_13_S2-D11_1_1865;P02_TrP03_13;Trp3_13;P02;B01;sample;13;TIMES;3;female;27;70;23.12
20230926_TISTOF_EV_droui001_EXT00_146_TRP_P2_Trp10_13_S2-D12_1_1866;P02_Trp10_13;Trp10_13;P02;B01;sample;13;TIMES;10;female;27;70;23.12
20230926_TISTOF_EV_droui001_EXT00_147_TRP_P2_Trp9_13_S2-E1_1_1867;P02_TrP09_13;Trp9_13;P02;B01;sample;13;TIMES;9;female;27;70;23.12
20230926_TISTOF_EV_droui001_EXT00_148_TRP_P2_Trp8_13_S2-E2_1_1868;P02_TrP08_13;Trp8_13;P02;B01;sample;13;TIMES;8;female;27;70;23.12
20230926_TISTOF_EV_droui001_EXT00_150_TRP_P2_Trp4_13_S2-E3_1_1870;P02_TrP04_13;Trp4_13;P02;B01;sample;13;TIMES;4;female;27;70;23.12
20230926_TISTOF_EV_droui001_EXT00_151_TRP_P2_Trp7_13_S2-E4_1_1871;P02_TrP07_13;Trp7_13;P02;B01;sample;13;TIMES;7;female;27;70;23.12
20230926_TISTOF_EV_droui001_EXT00_152_TRP_P2_Trp2_13_S2-E5_1_1872;P02_TrP02_13;Trp2_13;P02;B01;sample;13;TIMES;2;female;27;70;23.12
20230926_TISTOF_EV_droui001_EXT00_153_TRP_P2_Trp1_13_S2-E6_1_1873;P02_TrP01_13;Trp1_13;P02;B01;sample;13;TIMES;1;female;27;70;23.12
20230926_TISTOF_EV_droui001_EXT00_154_TRP_P2_Trp12_13_S2-E7_1_1874;P02_Trp12_13;Trp12_13;P02;B01;sample;13;TIMES;12;female;27;70;23.12
20230926_TISTOF_EV_droui001_EXT00_155_TRP_P2_Trp11_13_S2-E8_1_1875;P02_Trp11_13;Trp11_13;P02;B01;sample;13;TIMES;11;female;27;70;23.12
20230926_TISTOF_EV_droui001_EXT00_157_TRP_P2_Trp6_13_S2-E10_1_1877;P02_TrP06_13;Trp6_13;P02;B01;sample;13;TIMES;6;female;27;70;23.12
20230926_TISTOF_EV_droui001_EXT00_158_TRP_P2_Trp5_13_S2-E11_1_1878;P02_TrP05_13;Trp5_13;P02;B01;sample;13;TIMES;5;female;27;70;23.12
20230926_TISTOF_EV_droui001_EXT00_079_TRP_P1_Trp12_12_S1-F9_1_1799;P01_Trp12_12;Trp12_12;P01;B01;sample;12;TIMES;12;female;44;69;22.53
20230926_TISTOF_EV_droui001_EXT00_080_TRP_P1_Trp6_12_S1-F10_1_1800;P01_TrP06_12;Trp6_12;P01;B01;sample;12;TIMES;6;female;44;69;22.53
20230926_TISTOF_EV_droui001_EXT00_083_TRP_P1_Trp2_12_S1-F12_1_1803;P01_TrP02_12;Trp2_12;P01;B01;sample;12;TIMES;2;female;44;69;22.53
20230926_TISTOF_EV_droui001_EXT00_084_TRP_P1_Trp11_12_S1-G1_1_1804;P01_Trp11_12;Trp11_12;P01;B01;sample;12;TIMES;11;female;44;69;22.53
20230926_TISTOF_EV_droui001_EXT00_085_TRP_P1_Trp8_12_S1-G2_1_1805;P01_TrP08_12;Trp8_12;P01;B01;sample;12;TIMES;8;female;44;69;22.53
20230926_TISTOF_EV_droui001_EXT00_086_TRP_P1_Trp9_12_S1-G3_1_1806;P01_TrP09_12;Trp9_12;P01;B01;sample;12;TIMES;9;female;44;69;22.53
20230926_TISTOF_EV_droui001_EXT00_087_TRP_P1_Trp5_12_S1-G4_1_1807;P01_TrP05_12;Trp5_12;P01;B01;sample;12;TIMES;5;female;44;69;22.53
20230926_TISTOF_EV_droui001_EXT00_088_TRP_P1_Trp3_12_S1-G5_1_1808;P01_TrP03_12;Trp3_12;P01;B01;sample;12;TIMES;3;female;44;69;22.53
20230926_TISTOF_EV_droui001_EXT00_089_TRP_P1_Trp1_12_S1-G6_1_1809;P01_TrP01_12;Trp1_12;P01;B01;sample;12;TIMES;1;female;44;69;22.53
20230926_TISTOF_EV_droui001_EXT00_090_TRP_P1_Trp4_12_S1-G7_1_1810;P01_TrP04_12;Trp4_12;P01;B01;sample;12;TIMES;4;female;44;69;22.53
20230926_TISTOF_EV_droui001_EXT00_091_TRP_P1_Trp10_12_S1-G8_1_1811;P01_Trp10_12;Trp10_12;P01;B01;sample;12;TIMES;10;female;44;69;22.53
20230926_TISTOF_EV_droui001_EXT00_092_TRP_P1_Trp7_12_S1-G9_1_1812;P01_TrP07_12;Trp7_12;P01;B01;sample;12;TIMES;7;female;44;69;22.53
20231013_TISTOF_EV_droui001_EXT00_047_TRP_P7_Trp8_11_S1-D4_1_2476;P07_TrP08_11;Trp8_11;P07;B04;sample;11;TIMES;8;male;23;145;36.99
20231013_TISTOF_EV_droui001_EXT00_049_TRP_P7_Trp3_11_S1-D5_1_2478;P07_TrP03_11;Trp3_11;P07;B04;sample;11;TIMES;3;male;23;145;36.99
20231013_TISTOF_EV_droui001_EXT00_050_TRP_P7_Trp11_11_S1-D6_1_2479;P07_Trp11_11;Trp11_11;P07;B04;sample;11;TIMES;11;male;23;145;36.99
20231013_TISTOF_EV_droui001_EXT00_052_TRP_P7_Trp10_11_S1-D8_1_2481;P07_Trp10_11;Trp10_11;P07;B04;sample;11;TIMES;10;male;23;145;36.99
20231013_TISTOF_EV_droui001_EXT00_053_TRP_P7_Trp7_11_S1-D9_1_2482;P07_TrP07_11;Trp7_11;P07;B04;sample;11;TIMES;7;male;23;145;36.99
20231013_TISTOF_EV_droui001_EXT00_054_TRP_P7_Trp9_11_S1-D10_1_2483;P07_TrP09_11;Trp9_11;P07;B04;sample;11;TIMES;9;male;23;145;36.99
20231013_TISTOF_EV_droui001_EXT00_055_TRP_P7_Trp2_11_S1-D11_1_2484;P07_TrP02_11;Trp2_11;P07;B04;sample;11;TIMES;2;male;23;145;36.99
20231013_TISTOF_EV_droui001_EXT00_056_TRP_P7_Trp6_11_S1-D12_1_2485;P07_TrP06_11;Trp6_11;P07;B04;sample;11;TIMES;6;male;23;145;36.99
20231013_TISTOF_EV_droui001_EXT00_057_TRP_P7_Trp4_11_S1-E1_1_2486;P07_TrP04_11;Trp4_11;P07;B04;sample;11;TIMES;4;male;23;145;36.99
20231013_TISTOF_EV_droui001_EXT00_058_TRP_P7_Trp5_11_S1-E2_1_2487;P07_TrP05_11;Trp5_11;P07;B04;sample;11;TIMES;5;male;23;145;36.99
20231013_TISTOF_EV_droui001_EXT00_060_TRP_P7_Trp12_11_S1-E3_1_2489;P07_Trp12_11;Trp12_11;P07;B04;sample;11;TIMES;12;male;23;145;36.99
20231013_TISTOF_EV_droui001_EXT00_061_TRP_P7_Trp1_11_S1-E4_1_2490;P07_TrP01_11;Trp1_11;P07;B04;sample;11;TIMES;1;male;23;145;36.99
20231013_TISTOF_EV_droui001_EXT00_033_TRP_P7_Trp1_10_S1-C3_1_2462;P07_TrP01_10;Trp1_10;P07;B04;sample;10;TIMES;1;female;32;55;22.31
20231013_TISTOF_EV_droui001_EXT00_034_TRP_P7_Trp4_10_S1-C4_1_2463;P07_TrP04_10;Trp4_10;P07;B04;sample;10;TIMES;4;female;32;55;22.31
20231013_TISTOF_EV_droui001_EXT00_036_TRP_P7_Trp5_10_S1-C6_1_2465;P07_TrP05_10;Trp5_10;P07;B04;sample;10;TIMES;5;female;32;55;22.31
20231013_TISTOF_EV_droui001_EXT00_038_TRP_P7_Trp12_10_S1-C7_1_2467;P07_Trp12_10;Trp12_10;P07;B04;sample;10;TIMES;12;female;32;55;22.31
20231013_TISTOF_EV_droui001_EXT00_039_TRP_P7_Trp9_10_S1-C8_1_2468;P07_TrP09_10;Trp9_10;P07;B04;sample;10;TIMES;9;female;32;55;22.31
20231013_TISTOF_EV_droui001_EXT00_040_TRP_P7_Trp8_10_S1-C9_1_2469;P07_TrP08_10;Trp8_10;P07;B04;sample;10;TIMES;8;female;32;55;22.31
20231013_TISTOF_EV_droui001_EXT00_041_TRP_P7_Trp10_10_S1-C10_1_2470;P07_Trp10_10;Trp10_10;P07;B04;sample;10;TIMES;10;female;32;55;22.31
20231013_TISTOF_EV_droui001_EXT00_042_TRP_P7_Trp7_10_S1-C11_1_2471;P07_TrP07_10;Trp7_10;P07;B04;sample;10;TIMES;7;female;32;55;22.31
20231013_TISTOF_EV_droui001_EXT00_043_TRP_P7_Trp6_10_S1-C12_1_2472;P07_TrP06_10;Trp6_10;P07;B04;sample;10;TIMES;6;female;32;55;22.31
20231013_TISTOF_EV_droui001_EXT00_044_TRP_P7_Trp3_10_S1-D1_1_2473;P07_TrP03_10;Trp3_10;P07;B04;sample;10;TIMES;3;female;32;55;22.31
20231013_TISTOF_EV_droui001_EXT00_045_TRP_P7_Trp11_10_S1-D2_1_2474;P07_Trp11_10;Trp11_10;P07;B04;sample;10;TIMES;11;female;32;55;22.31
20231013_TISTOF_EV_droui001_EXT00_046_TRP_P7_Trp2_10_S1-D3_1_2475;P07_TrP02_10;Trp2_10;P07;B04;sample;10;TIMES;2;female;32;55;22.31
20231006_TISTOF_EV_droui001_EXT00_106_TRP_P6_Trp3_1_S2-A11_1_2204;P06_TrP03_1;Trp3_1;P06;B03;sample;1;TIMES;3;female;46;67;22.13
20231006_TISTOF_EV_droui001_EXT00_107_TRP_P6_Trp11_1_S2-A12_1_2205;P06_Trp11_1;Trp11_1;P06;B03;sample;1;TIMES;11;female;46;67;22.13
20231006_TISTOF_EV_droui001_EXT00_108_TRP_P6_Trp6_1_S2-B1_1_2206;P06_TrP06_1;Trp6_1;P06;B03;sample;1;TIMES;6;female;46;67;22.13
20231006_TISTOF_EV_droui001_EXT00_109_TRP_P6_Trp12_1_S2-B2_1_2207;P06_Trp12_1;Trp12_1;P06;B03;sample;1;TIMES;12;female;46;67;22.13
20231006_TISTOF_EV_droui001_EXT00_111_TRP_P6_Trp10_1_S2-B4_1_2209;P06_Trp10_1;Trp10_1;P06;B03;sample;1;TIMES;10;female;46;67;22.13
20231006_TISTOF_EV_droui001_EXT00_112_TRP_P6_Trp7_1_S2-B5_1_2210;P06_TrP07_1;Trp7_1;P06;B03;sample;1;TIMES;7;female;46;67;22.13
20231006_TISTOF_EV_droui001_EXT00_113_TRP_P6_Trp8_1_S2-B6_1_2211;P06_TrP08_1;Trp8_1;P06;B03;sample;1;TIMES;8;female;46;67;22.13
20231006_TISTOF_EV_droui001_EXT00_114_TRP_P6_Trp1_1_S2-B7_1_2212;P06_TrP01_1;Trp1_1;P06;B03;sample;1;TIMES;1;female;46;67;22.13
20231006_TISTOF_EV_droui001_EXT00_115_TRP_P6_Trp5_1_S2-B8_1_2213;P06_TrP05_1;Trp5_1;P06;B03;sample;1;TIMES;5;female;46;67;22.13
20230926_TISTOF_EV_droui001_EXT00_005_TRP_P1_AMSBIO_1_S1-A1_1_1725;P01_AMSBIO_1;P01_AMSBIO_1;P01;B01;AMSBIO;;AMSBIO;;;;;
20230926_TISTOF_EV_droui001_EXT00_020_TRP_P1_AMSBIO_2_S1-B3_1_1740;P01_AMSBIO_2;P01_AMSBIO_2;P01;B01;AMSBIO;;AMSBIO;;;;;
20230926_TISTOF_EV_droui001_EXT00_035_TRP_P1_AMSBIO_3_S1-C5_1_1755;P01_AMSBIO_3;P01_AMSBIO_3;P01;B01;AMSBIO;;AMSBIO;;;;;
20230926_TISTOF_EV_droui001_EXT00_051_TRP_P1_AMSBIO_4_S1-D7_1_1771;P01_AMSBIO_4;P01_AMSBIO_4;P01;B01;AMSBIO;;AMSBIO;;;;;
20230926_TISTOF_EV_droui001_EXT00_066_TRP_P1_AMSBIO_5_S1-E9_1_1786;P01_AMSBIO_5;P01_AMSBIO_5;P01;B01;AMSBIO;;AMSBIO;;;;;
20230926_TISTOF_EV_droui001_EXT00_082_TRP_P1_AMSBIO_6_S1-F11_1_1802;P01_AMSBIO_6;P01_AMSBIO_6;P01;B01;AMSBIO;;AMSBIO;;;;;
20230926_TISTOF_EV_droui001_EXT00_095_TRP_P2_AMSBIO_1_S2-A1_1_1815;P02_AMSBIO_1;P02_AMSBIO_1;P02;B01;AMSBIO;;AMSBIO;;;;;
20230926_TISTOF_EV_droui001_EXT00_110_TRP_P2_AMSBIO_2_S2-B3_1_1830;P02_AMSBIO_2;P02_AMSBIO_2;P02;B01;AMSBIO;;AMSBIO;;;;;
20230926_TISTOF_EV_droui001_EXT00_125_TRP_P2_AMSBIO_3_S2-C5_1_1845;P02_AMSBIO_3;P02_AMSBIO_3;P02;B01;AMSBIO;;AMSBIO;;;;;
20230926_TISTOF_EV_droui001_EXT00_141_TRP_P2_AMSBIO_4_S2-D7_1_1861;P02_AMSBIO_4;P02_AMSBIO_4;P02;B01;AMSBIO;;AMSBIO;;;;;
20230926_TISTOF_EV_droui001_EXT00_156_TRP_P2_AMSBIO_5_S2-E9_1_1876;P02_AMSBIO_5;P02_AMSBIO_5;P02;B01;AMSBIO;;AMSBIO;;;;;
20230926_TISTOF_EV_droui001_EXT00_172_TRP_P2_AMSBIO_6_S2-F11_1_1892;P02_AMSBIO_6;P02_AMSBIO_6;P02;B01;AMSBIO;;AMSBIO;;;;;
20231002_TISTOF_EV_droui001_EXT00_005_TRP_P3_AMSBIO_1_S1-A1_1_1913;P03_AMSBIO_1;P03_AMSBIO_1;P03;B02;AMSBIO;;AMSBIO;;;;;
20231002_TISTOF_EV_droui001_EXT00_020_TRP_P3_AMSBIO_2_S1-B3_1_1928;P03_AMSBIO_2;P03_AMSBIO_2;P03;B02;AMSBIO;;AMSBIO;;;;;
20231002_TISTOF_EV_droui001_EXT00_035_TRP_P3_AMSBIO_3_S1-C5_1_1943;P03_AMSBIO_3;P03_AMSBIO_3;P03;B02;AMSBIO;;AMSBIO;;;;;
20231002_TISTOF_EV_droui001_EXT00_051_TRP_P3_AMSBIO_4_S1-D7_1_1959;P03_AMSBIO_4;P03_AMSBIO_4;P03;B02;AMSBIO;;AMSBIO;;;;;
20231002_TISTOF_EV_droui001_EXT00_066_TRP_P3_AMSBIO_5_S1-E9_1_1974;P03_AMSBIO_5;P03_AMSBIO_5;P03;B02;AMSBIO;;AMSBIO;;;;;
20231002_TISTOF_EV_droui001_EXT00_082_TRP_P3_AMSBIO_6_S1-F11_1_1990;P03_AMSBIO_6;P03_AMSBIO_6;P03;B02;AMSBIO;;AMSBIO;;;;;
20231002_TISTOF_EV_droui001_EXT00_095_TRP_P4_AMSBIO_1_S2-A1_1_2004;P04_AMSBIO_1;P04_AMSBIO_1;P04;B02;AMSBIO;;AMSBIO;;;;;
20231002_TISTOF_EV_droui001_EXT00_110_TRP_P4_AMSBIO_2_S2-B3_1_2019;P04_AMSBIO_2;P04_AMSBIO_2;P04;B02;AMSBIO;;AMSBIO;;;;;
20231002_TISTOF_EV_droui001_EXT00_125_TRP_P4_AMSBIO_3_S2-C5_1_2034;P04_AMSBIO_3;P04_AMSBIO_3;P04;B02;AMSBIO;;AMSBIO;;;;;
20231002_TISTOF_EV_droui001_EXT00_141_TRP_P4_AMSBIO_4_S2-D7_1_2050;P04_AMSBIO_4;P04_AMSBIO_4;P04;B02;AMSBIO;;AMSBIO;;;;;
20231002_TISTOF_EV_droui001_EXT00_156_TRP_P4_AMSBIO_5_S2-E9_1_2065;P04_AMSBIO_5;P04_AMSBIO_5;P04;B02;AMSBIO;;AMSBIO;;;;;
20231002_TISTOF_EV_droui001_EXT00_172_TRP_P4_AMSBIO_6_S2-F11_1_2081;P04_AMSBIO_6;P04_AMSBIO_6;P04;B02;AMSBIO;;AMSBIO;;;;;
20231006_TISTOF_EV_droui001_EXT00_005_TRP_P5_AMSBIO_1_S1-A1_1_2103;P05_AMSBIO_1;P05_AMSBIO_1;P05;B03;AMSBIO;;AMSBIO;;;;;
20231006_TISTOF_EV_droui001_EXT00_020_TRP_P5_AMSBIO_2_S1-B3_1_2118;P05_AMSBIO_2;P05_AMSBIO_2;P05;B03;AMSBIO;;AMSBIO;;;;;
20231006_TISTOF_EV_droui001_EXT00_035_TRP_P5_AMSBIO_3_S1-C5_1_2133;P05_AMSBIO_3;P05_AMSBIO_3;P05;B03;AMSBIO;;AMSBIO;;;;;
20231006_TISTOF_EV_droui001_EXT00_051_TRP_P5_AMSBIO_4_S1-D7_1_2149;P05_AMSBIO_4;P05_AMSBIO_4;P05;B03;AMSBIO;;AMSBIO;;;;;
20231006_TISTOF_EV_droui001_EXT00_066_TRP_P5_AMSBIO_5_S1-E9_1_2164;P05_AMSBIO_5;P05_AMSBIO_5;P05;B03;AMSBIO;;AMSBIO;;;;;
20231006_TISTOF_EV_droui001_EXT00_082_TRP_P5_AMSBIO_6_S1-F11_1_2180;P05_AMSBIO_6;P05_AMSBIO_6;P05;B03;AMSBIO;;AMSBIO;;;;;
20231006_TISTOF_EV_droui001_EXT00_095_TRP_P6_AMSBIO_1_S2-A1_1_2193;P06_AMSBIO_1;P06_AMSBIO_1;P06;B03;AMSBIO;;AMSBIO;;;;;
20231006_TISTOF_EV_droui001_EXT00_110_TRP_P6_AMSBIO_2_S2-B3_1_2208;P06_AMSBIO_2;P06_AMSBIO_2;P06;B03;AMSBIO;;AMSBIO;;;;;
20231006_TISTOF_EV_droui001_EXT00_125_TRP_P6_AMSBIO_3_S2-C5_1_2223;P06_AMSBIO_3;P06_AMSBIO_3;P06;B03;AMSBIO;;AMSBIO;;;;;
20231006_TISTOF_EV_droui001_EXT00_141_TRP_P6_AMSBIO_4_S2-D7_1_2239;P06_AMSBIO_4;P06_AMSBIO_4;P06;B03;AMSBIO;;AMSBIO;;;;;
20231006_TISTOF_EV_droui001_EXT00_156_TRP_P6_AMSBIO_5_S2-E9_1_2254;P06_AMSBIO_5;P06_AMSBIO_5;P06;B03;AMSBIO;;AMSBIO;;;;;
20231006_TISTOF_EV_droui001_EXT00_172_TRP_P6_AMSBIO_6_S2-F11_1_2270;P06_AMSBIO_6;P06_AMSBIO_6;P06;B03;AMSBIO;;AMSBIO;;;;;
20231013_TISTOF_EV_droui001_EXT00_005_TRP_P7_AMSBIO_1_S1-A1_1_2434;P07_AMSBIO_1;P07_AMSBIO_1;P07;B04;AMSBIO;;AMSBIO;;;;;
20231013_TISTOF_EV_droui001_EXT00_020_TRP_P7_AMSBIO_2_S1-B3_1_2449;P07_AMSBIO_2;P07_AMSBIO_2;P07;B04;AMSBIO;;AMSBIO;;;;;
20231013_TISTOF_EV_droui001_EXT00_035_TRP_P7_AMSBIO_3_S1-C5_1_2464;P07_AMSBIO_3;P07_AMSBIO_3;P07;B04;AMSBIO;;AMSBIO;;;;;
20231013_TISTOF_EV_droui001_EXT00_051_TRP_P7_AMSBIO_4_S1-D7_1_2480;P07_AMSBIO_4;P07_AMSBIO_4;P07;B04;AMSBIO;;AMSBIO;;;;;
20231013_TISTOF_EV_droui001_EXT00_066_TRP_P7_AMSBIO_5_S1-E9_1_2495;P07_AMSBIO_5;P07_AMSBIO_5;P07;B04;AMSBIO;;AMSBIO;;;;;
20231013_TISTOF_EV_droui001_EXT00_082_TRP_P7_AMSBIO_6_S1-F11_1_2511;P07_AMSBIO_6;P07_AMSBIO_6;P07;B04;AMSBIO;;AMSBIO;;;;;
20231013_TISTOF_EV_droui001_EXT00_092_TRP_P8_AMSBIO_1_S2-A1_1_2521;P08_AMSBIO_1;P08_AMSBIO_1;P08;B04;AMSBIO;;AMSBIO;;;;;
20231013_TISTOF_EV_droui001_EXT00_107_TRP_P8_AMSBIO_2_S2-B3_1_2536;P08_AMSBIO_2;P08_AMSBIO_2;P08;B04;AMSBIO;;AMSBIO;;;;;
20231013_TISTOF_EV_droui001_EXT00_122_TRP_P8_AMSBIO_3_S2-C5_1_2551;P08_AMSBIO_3;P08_AMSBIO_3;P08;B04;AMSBIO;;AMSBIO;;;;;
20231013_TISTOF_EV_droui001_EXT00_138_TRP_P8_AMSBIO_4_S2-D7_1_2567;P08_AMSBIO_4;P08_AMSBIO_4;P08;B04;AMSBIO;;AMSBIO;;;;;
20231013_TISTOF_EV_droui001_EXT00_153_TRP_P8_AMSBIO_5_S2-E9_1_2582;P08_AMSBIO_5;P08_AMSBIO_5;P08;B04;AMSBIO;;AMSBIO;;;;;
20231013_TISTOF_EV_droui001_EXT00_169_TRP_P8_AMSBIO_6_S2-F11_1_2598;P08_AMSBIO_6;P08_AMSBIO_6;P08;B04;AMSBIO;;AMSBIO;;;;;
20231117_TISTOF_EV_droui001_EXT00_005_TRP_P9_AMSBIO_1_S1-A1_1_2805;P09_AMSBIO_1;P09_AMSBIO_1;P09;B05;AMSBIO;;AMSBIO;;;;;
20231117_TISTOF_EV_droui001_EXT00_020_TRP_P9_AMSBIO_2_S1-B3_1_2820;P09_AMSBIO_2;P09_AMSBIO_2;P09;B05;AMSBIO;;AMSBIO;;;;;
20231117_TISTOF_EV_droui001_EXT00_035_TRP_P9_AMSBIO_3_S1-C5_1_2835;P09_AMSBIO_3;P09_AMSBIO_3;P09;B05;AMSBIO;;AMSBIO;;;;;
20231117_TISTOF_EV_droui001_EXT00_051_TRP_P9_AMSBIO_4_S1-D7_1_2851;P09_AMSBIO_4;P09_AMSBIO_4;P09;B05;AMSBIO;;AMSBIO;;;;;
20231117_TISTOF_EV_droui001_EXT00_066_TRP_P9_AMSBIO_5_S1-E9_1_2866;P09_AMSBIO_5;P09_AMSBIO_5;P09;B05;AMSBIO;;AMSBIO;;;;;
20231117_TISTOF_EV_droui001_EXT00_082_TRP_P9_AMSBIO_6_S1-F11_1_2882;P09_AMSBIO_6;P09_AMSBIO_6;P09;B05;AMSBIO;;AMSBIO;;;;;
20231117_TISTOF_EV_droui001_EXT00_098_TRP_P10_AMSBIO_1_S2-A1_1_2898;P10_AMSBIO_1;P10_AMSBIO_1;P10;B05;AMSBIO;;AMSBIO;;;;;
20231117_TISTOF_EV_droui001_EXT00_113_TRP_P10_AMSBIO_2_S2-B3_1_2913;P10_AMSBIO_2;P10_AMSBIO_2;P10;B05;AMSBIO;;AMSBIO;;;;;
20231117_TISTOF_EV_droui001_EXT00_128_TRP_P10_AMSBIO_3_S2-C5_1_2928;P10_AMSBIO_3;P10_AMSBIO_3;P10;B05;AMSBIO;;AMSBIO;;;;;
20231117_TISTOF_EV_droui001_EXT00_144_TRP_P10_AMSBIO_4_S2-D7_1_2944;P10_AMSBIO_4;P10_AMSBIO_4;P10;B05;AMSBIO;;AMSBIO;;;;;
20230926_TISTOF_EV_droui001_EXT00_002_TRP_P1_QC_1_S1-H1_1_1722;P01_QC_1;P01_QC_1;P01;B01;QC;;QC;;;;;
20230926_TISTOF_EV_droui001_EXT00_003_TRP_P1_QC_2_S1-H2_1_1723;P01_QC_2;P01_QC_2;P01;B01;QC;;QC;;;;;
20230926_TISTOF_EV_droui001_EXT00_004_TRP_P1_QC_3_S1-H3_1_1724;P01_QC_3;P01_QC_3;P01;B01;QC;;QC;;;;;
20230926_TISTOF_EV_droui001_EXT00_015_TRP_P1_QC_4_S1-H4_1_1735;P01_QC_4;P01_QC_4;P01;B01;QC;;QC;;;;;
20230926_TISTOF_EV_droui001_EXT00_026_TRP_P1_QC_5_S1-H5_1_1746;P01_QC_5;P01_QC_5;P01;B01;QC;;QC;;;;;
20230926_TISTOF_EV_droui001_EXT00_037_TRP_P1_QC_6_S1-H6_1_1757;P01_QC_6;P01_QC_6;P01;B01;QC;;QC;;;;;
20230926_TISTOF_EV_droui001_EXT00_048_TRP_P1_QC_7_S1-H7_1_1768;P01_QC_7;P01_QC_7;P01;B01;QC;;QC;;;;;
20230926_TISTOF_EV_droui001_EXT00_059_TRP_P1_QC_8_S1-H8_1_1779;P01_QC_8;P01_QC_8;P01;B01;QC;;QC;;;;;
20230926_TISTOF_EV_droui001_EXT00_070_TRP_P1_QC_9_S1-H9_1_1790;P01_QC_9;P01_QC_9;P01;B01;QC;;QC;;;;;
20230926_TISTOF_EV_droui001_EXT00_081_TRP_P1_QC_10_S1-H10_1_1801;P01_QC_10;P01_QC_10;P01;B01;QC;;QC;;;;;
20230926_TISTOF_EV_droui001_EXT00_093_TRP_P1_QC_11_S1-H11_1_1813;P01_QC_11;P01_QC_11;P01;B01;QC;;QC;;;;;
20230926_TISTOF_EV_droui001_EXT00_094_TRP_P2_QC_1_S2-H1_1_1814;P02_QC_1;P02_QC_1;P02;B01;QC;;QC;;;;;
20230926_TISTOF_EV_droui001_EXT00_105_TRP_P2_QC_2_S2-H2_1_1825;P02_QC_2;P02_QC_2;P02;B01;QC;;QC;;;;;
20230926_TISTOF_EV_droui001_EXT00_116_TRP_P2_QC_3_S2-H3_1_1836;P02_QC_3;P02_QC_3;P02;B01;QC;;QC;;;;;
20230926_TISTOF_EV_droui001_EXT00_127_TRP_P2_QC_4_S2-H4_1_1847;P02_QC_4;P02_QC_4;P02;B01;QC;;QC;;;;;
20230926_TISTOF_EV_droui001_EXT00_138_TRP_P2_QC_5_S2-H5_1_1858;P02_QC_5;P02_QC_5;P02;B01;QC;;QC;;;;;
20230926_TISTOF_EV_droui001_EXT00_149_TRP_P2_QC_6_S2-H6_1_1869;P02_QC_6;P02_QC_6;P02;B01;QC;;QC;;;;;
20230926_TISTOF_EV_droui001_EXT00_160_TRP_P2_QC_7_S2-H7_1_1880;P02_QC_7;P02_QC_7;P02;B01;QC;;QC;;;;;
20230926_TISTOF_EV_droui001_EXT00_171_TRP_P2_QC_8_S2-H8_1_1891;P02_QC_8;P02_QC_8;P02;B01;QC;;QC;;;;;
20230926_TISTOF_EV_droui001_EXT00_183_TRP_P2_QC_9_S2-H9_1_1903;P02_QC_9;P02_QC_9;P02;B01;QC;;QC;;;;;
20231002_TISTOF_EV_droui001_EXT00_002_TRP_P3_QC_1_S1-H1_1_1910;P03_QC_1;P03_QC_1;P03;B02;QC;;QC;;;;;
20231002_TISTOF_EV_droui001_EXT00_003_TRP_P3_QC_2_S1-H2_1_1911;P03_QC_2;P03_QC_2;P03;B02;QC;;QC;;;;;
20231002_TISTOF_EV_droui001_EXT00_004_TRP_P3_QC_3_S1-H3_1_1912;P03_QC_3;P03_QC_3;P03;B02;QC;;QC;;;;;
20231002_TISTOF_EV_droui001_EXT00_015_TRP_P3_QC_4_S1-H4_1_1923;P03_QC_4;P03_QC_4;P03;B02;QC;;QC;;;;;
20231002_TISTOF_EV_droui001_EXT00_026_TRP_P3_QC_5_S1-H5_1_1934;P03_QC_5;P03_QC_5;P03;B02;QC;;QC;;;;;
20231002_TISTOF_EV_droui001_EXT00_037_TRP_P3_QC_6_S1-H6_1_1945;P03_QC_6;P03_QC_6;P03;B02;QC;;QC;;;;;
20231002_TISTOF_EV_droui001_EXT00_048_TRP_P3_QC_7_S1-H7_1_1956;P03_QC_7;P03_QC_7;P03;B02;QC;;QC;;;;;
20231002_TISTOF_EV_droui001_EXT00_059_TRP_P3_QC_8_S1-H8_1_1967;P03_QC_8;P03_QC_8;P03;B02;QC;;QC;;;;;
20231002_TISTOF_EV_droui001_EXT00_070_TRP_P3_QC_9_S1-H9_1_1978;P03_QC_9;P03_QC_9;P03;B02;QC;;QC;;;;;
20231002_TISTOF_EV_droui001_EXT00_081_TRP_P3_QC_10_S1-H10_1_1989;P03_QC_10;P03_QC_10;P03;B02;QC;;QC;;;;;
20231002_TISTOF_EV_droui001_EXT00_093_TRP_P3_QC_11_S1-H11_1_1995;P03_QC_11;P03_QC_11;P03;B02;QC;;QC;;;;;
20231002_TISTOF_EV_droui001_EXT00_093_TRP_P3_QC_12_S1-H12_1_2002;P03_QC_12;P03_QC_12;P03;B02;QC;;QC;;;;;
20231002_TISTOF_EV_droui001_EXT00_094_TRP_P4_QC_1_S2-H1_1_2003;P04_QC_1;P04_QC_1;P04;B02;QC;;QC;;;;;
20231002_TISTOF_EV_droui001_EXT00_105_TRP_P4_QC_2_S2-H2_1_2014;P04_QC_2;P04_QC_2;P04;B02;QC;;QC;;;;;
20231002_TISTOF_EV_droui001_EXT00_116_TRP_P4_QC_3_S2-H3_1_2025;P04_QC_3;P04_QC_3;P04;B02;QC;;QC;;;;;
20231002_TISTOF_EV_droui001_EXT00_127_TRP_P4_QC_4_S2-H4_1_2036;P04_QC_4;P04_QC_4;P04;B02;QC;;QC;;;;;
20231002_TISTOF_EV_droui001_EXT00_138_TRP_P4_QC_5_S2-H5_1_2047;P04_QC_5;P04_QC_5;P04;B02;QC;;QC;;;;;
20231002_TISTOF_EV_droui001_EXT00_149_TRP_P4_QC_6_S2-H6_1_2058;P04_QC_6;P04_QC_6;P04;B02;QC;;QC;;;;;
20231002_TISTOF_EV_droui001_EXT00_160_TRP_P4_QC_7_S2-H7_1_2069;P04_QC_7;P04_QC_7;P04;B02;QC;;QC;;;;;
20231002_TISTOF_EV_droui001_EXT00_171_TRP_P4_QC_8_S2-H8_1_2080;P04_QC_8;P04_QC_8;P04;B02;QC;;QC;;;;;
20231002_TISTOF_EV_droui001_EXT00_183_TRP_P4_QC_9_S2-H9_1_2092;P04_QC_9;P04_QC_9;P04;B02;QC;;QC;;;;;
20231006_TISTOF_EV_droui001_EXT00_002_TRP_P5_QC_1_S1-H1_1_2100;P05_QC_1;P05_QC_1;P05;B03;QC;;QC;;;;;
20231006_TISTOF_EV_droui001_EXT00_003_TRP_P5_QC_2_S1-H2_1_2101;P05_QC_2;P05_QC_2;P05;B03;QC;;QC;;;;;
20231006_TISTOF_EV_droui001_EXT00_004_TRP_P5_QC_3_S1-H3_1_2102;P05_QC_3;P05_QC_3;P05;B03;QC;;QC;;;;;
20231006_TISTOF_EV_droui001_EXT00_015_TRP_P5_QC_4_S1-H4_1_2113;P05_QC_4;P05_QC_4;P05;B03;QC;;QC;;;;;
20231006_TISTOF_EV_droui001_EXT00_026_TRP_P5_QC_5_S1-H5_1_2124;P05_QC_5;P05_QC_5;P05;B03;QC;;QC;;;;;
20231006_TISTOF_EV_droui001_EXT00_037_TRP_P5_QC_6_S1-H6_1_2135;P05_QC_6;P05_QC_6;P05;B03;QC;;QC;;;;;
20231006_TISTOF_EV_droui001_EXT00_048_TRP_P5_QC_7_S1-H7_1_2146;P05_QC_7;P05_QC_7;P05;B03;QC;;QC;;;;;
20231006_TISTOF_EV_droui001_EXT00_059_TRP_P5_QC_8_S1-H8_1_2157;P05_QC_8;P05_QC_8;P05;B03;QC;;QC;;;;;
20231006_TISTOF_EV_droui001_EXT00_070_TRP_P5_QC_9_S1-H9_1_2168;P05_QC_9;P05_QC_9;P05;B03;QC;;QC;;;;;
20231006_TISTOF_EV_droui001_EXT00_081_TRP_P5_QC_10_S1-H10_1_2179;P05_QC_10;P05_QC_10;P05;B03;QC;;QC;;;;;
20231006_TISTOF_EV_droui001_EXT00_093_TRP_P5_QC_11_S1-H11_1_2191;P05_QC_11;P05_QC_11;P05;B03;QC;;QC;;;;;
20231006_TISTOF_EV_droui001_EXT00_094_TRP_P6_QC_1_S2-H1_1_2192;P06_QC_1;P06_QC_1;P06;B03;QC;;QC;;;;;
20231006_TISTOF_EV_droui001_EXT00_105_TRP_P6_QC_2_S2-H2_1_2203;P06_QC_2;P06_QC_2;P06;B03;QC;;QC;;;;;
20231006_TISTOF_EV_droui001_EXT00_116_TRP_P6_QC_3_S2-H3_1_2214;P06_QC_3;P06_QC_3;P06;B03;QC;;QC;;;;;
20231006_TISTOF_EV_droui001_EXT00_127_TRP_P6_QC_4_S2-H4_1_2225;P06_QC_4;P06_QC_4;P06;B03;QC;;QC;;;;;
20231006_TISTOF_EV_droui001_EXT00_138_TRP_P6_QC_5_S2-H5_1_2236;P06_QC_5;P06_QC_5;P06;B03;QC;;QC;;;;;
20231006_TISTOF_EV_droui001_EXT00_149_TRP_P6_QC_6_S2-H6_1_2247;P06_QC_6;P06_QC_6;P06;B03;QC;;QC;;;;;
20231006_TISTOF_EV_droui001_EXT00_160_TRP_P6_QC_7_S2-H7_1_2258;P06_QC_7;P06_QC_7;P06;B03;QC;;QC;;;;;
20231006_TISTOF_EV_droui001_EXT00_171_TRP_P6_QC_8_S2-H8_1_2269;P06_QC_8;P06_QC_8;P06;B03;QC;;QC;;;;;
20231006_TISTOF_EV_droui001_EXT00_183_TRP_P6_QC_9_S2-H9_1_2281;P06_QC_9;P06_QC_9;P06;B03;QC;;QC;;;;;
20231013_TISTOF_EV_droui001_EXT00_002_TRP_P7_QC_1_S1-H1_1_2431;P07_QC_1;P07_QC_1;P07;B04;QC;;QC;;;;;
20231013_TISTOF_EV_droui001_EXT00_003_TRP_P7_QC_2_S1-H2_1_2432;P07_QC_2;P07_QC_2;P07;B04;QC;;QC;;;;;
20231013_TISTOF_EV_droui001_EXT00_004_TRP_P7_QC_3_S1-H3_1_2433;P07_QC_3;P07_QC_3;P07;B04;QC;;QC;;;;;
20231013_TISTOF_EV_droui001_EXT00_015_TRP_P7_QC_4_S1-H4_1_2444;P07_QC_4;P07_QC_4;P07;B04;QC;;QC;;;;;
20231013_TISTOF_EV_droui001_EXT00_026_TRP_P7_QC_5_S1-H5_1_2455;P07_QC_5;P07_QC_5;P07;B04;QC;;QC;;;;;
20231013_TISTOF_EV_droui001_EXT00_037_TRP_P7_QC_6_S1-H6_1_2466;P07_QC_6;P07_QC_6;P07;B04;QC;;QC;;;;;
20231013_TISTOF_EV_droui001_EXT00_048_TRP_P7_QC_7_S1-H7_1_2477;P07_QC_7;P07_QC_7;P07;B04;QC;;QC;;;;;
20231013_TISTOF_EV_droui001_EXT00_059_TRP_P7_QC_8_S1-H8_1_2488;P07_QC_8;P07_QC_8;P07;B04;QC;;QC;;;;;
20231013_TISTOF_EV_droui001_EXT00_070_TRP_P7_QC_9_S1-H9_1_2499;P07_QC_9;P07_QC_9;P07;B04;QC;;QC;;;;;
20231013_TISTOF_EV_droui001_EXT00_081_TRP_P7_QC_10_S1-H10_1_2510;P07_QC_10;P07_QC_10;P07;B04;QC;;QC;;;;;
20231013_TISTOF_EV_droui001_EXT00_090_TRP_P7_QC_11_S1-H11_1_2519;P07_QC_11;P07_QC_11;P07;B04;QC;;QC;;;;;
20231013_TISTOF_EV_droui001_EXT00_091_TRP_P8_QC_1_S2-H1_1_2520;P08_QC_1;P08_QC_1;P08;B04;QC;;QC;;;;;
20231013_TISTOF_EV_droui001_EXT00_102_TRP_P8_QC_2_S2-H2_1_2531;P08_QC_2;P08_QC_2;P08;B04;QC;;QC;;;;;
20231013_TISTOF_EV_droui001_EXT00_113_TRP_P8_QC_3_S2-H3_1_2542;P08_QC_3;P08_QC_3;P08;B04;QC;;QC;;;;;
20231013_TISTOF_EV_droui001_EXT00_124_TRP_P8_QC_4_S2-H4_1_2553;P08_QC_4;P08_QC_4;P08;B04;QC;;QC;;;;;
20231013_TISTOF_EV_droui001_EXT00_135_TRP_P8_QC_5_S2-H5_1_2564;P08_QC_5;P08_QC_5;P08;B04;QC;;QC;;;;;
20231013_TISTOF_EV_droui001_EXT00_146_TRP_P8_QC_6_S2-H6_1_2575;P08_QC_6;P08_QC_6;P08;B04;QC;;QC;;;;;
20231013_TISTOF_EV_droui001_EXT00_157_TRP_P8_QC_7_S2-H7_1_2586;P08_QC_7;P08_QC_7;P08;B04;QC;;QC;;;;;
20231013_TISTOF_EV_droui001_EXT00_168_TRP_P8_QC_8_S2-H8_1_2597;P08_QC_8;P08_QC_8;P08;B04;QC;;QC;;;;;
20231013_TISTOF_EV_droui001_EXT00_176_TRP_P8_QC_9_S2-H9_1_2605;P08_QC_9;P08_QC_9;P08;B04;QC;;QC;;;;;
20231117_TISTOF_EV_droui001_EXT00_002_TRP_P9_QC_1_S1-H1_1_2802;P09_QC_1;P09_QC_1;P09;B05;QC;;QC;;;;;
20231117_TISTOF_EV_droui001_EXT00_003_TRP_P9_QC_2_S1-H2_1_2803;P09_QC_2;P09_QC_2;P09;B05;QC;;QC;;;;;
20231117_TISTOF_EV_droui001_EXT00_004_TRP_P9_QC_3_S1-H3_1_2804;P09_QC_3;P09_QC_3;P09;B05;QC;;QC;;;;;
20231117_TISTOF_EV_droui001_EXT00_015_TRP_P9_QC_4_S1-H4_1_2815;P09_QC_4;P09_QC_4;P09;B05;QC;;QC;;;;;
20231117_TISTOF_EV_droui001_EXT00_026_TRP_P9_QC_5_S1-H5_1_2826;P09_QC_5;P09_QC_5;P09;B05;QC;;QC;;;;;
20231117_TISTOF_EV_droui001_EXT00_037_TRP_P9_QC_6_S1-H6_1_2837;P09_QC_6;P09_QC_6;P09;B05;QC;;QC;;;;;
20231117_TISTOF_EV_droui001_EXT00_048_TRP_P9_QC_7_S1-H7_1_2848;P09_QC_7;P09_QC_7;P09;B05;QC;;QC;;;;;
20231117_TISTOF_EV_droui001_EXT00_059_TRP_P9_QC_8_S1-H8_1_2859;P09_QC_8;P09_QC_8;P09;B05;QC;;QC;;;;;
20231117_TISTOF_EV_droui001_EXT00_070_TRP_P9_QC_9_S1-H9_1_2870;P09_QC_9;P09_QC_9;P09;B05;QC;;QC;;;;;
20231117_TISTOF_EV_droui001_EXT00_081_TRP_P9_QC_10_S1-H10_1_2881;P09_QC_10;P09_QC_10;P09;B05;QC;;QC;;;;;
20231117_TISTOF_EV_droui001_EXT00_089_TRP_P9_QC_11_S1-H11_1_2889;P09_QC_11;P09_QC_11;P09;B05;QC;;QC;;;;;
20231117_TISTOF_EV_droui001_EXT00_096_TRP_P9_QC_12_S1-H12_1_2896;P09_QC_12;P09_QC_12;P09;;QC;;QC;;;;;
20231117_TISTOF_EV_droui001_EXT00_097_TRP_P10_QC_1_S2-H1_1_2897;P10_QC_1;P10_QC_1;P10;B05;QC;;QC;;;;;
20231117_TISTOF_EV_droui001_EXT00_108_TRP_P10_QC_2_S2-H2_1_2908;P10_QC_2;P10_QC_2;P10;B05;QC;;QC;;;;;
20231117_TISTOF_EV_droui001_EXT00_119_TRP_P10_QC_3_S2-H3_1_2919;P10_QC_3;P10_QC_3;P10;B05;QC;;QC;;;;;
20231117_TISTOF_EV_droui001_EXT00_130_TRP_P10_QC_4_S2-H4_1_2930;P10_QC_4;P10_QC_4;P10;B05;QC;;QC;;;;;
20231117_TISTOF_EV_droui001_EXT00_141_TRP_P10_QC_5_S2-H5_1_2941;P10_QC_5;P10_QC_5;P10;B05;QC;;QC;;;;;
20231117_TISTOF_EV_droui001_EXT00_145_TRP_P10_QC_6_S2-H6_1_2945;P10_QC_6;P10_QC_6;P10;;QC;;QC;;;;;
20231117_TISTOF_EV_droui001_EXT00_090_TRP_P9_AMSBIO_1_R1_S1-G6_1_2890;P09_AMSBIO_1_R1;P09_AMSBIO_1_R1;P09;;;;;;;;;
20231117_TISTOF_EV_droui001_EXT00_091_TRP_P9_AMSBIO_2_R1_S1-G7_1_2891;P09_AMSBIO_2_R1;P09_AMSBIO_2_R1;P09;;;;;;;;;
20231117_TISTOF_EV_droui001_EXT00_092_TRP_P9_AMSBIO_3_R1_S1-G8_1_2892;P09_AMSBIO_3_R1;P09_AMSBIO_3_R1;P09;;;;;;;;;
20231117_TISTOF_EV_droui001_EXT00_093_TRP_P9_AMSBIO_4_R1_S1-G9_1_2893;P09_AMSBIO_4_R1;P09_AMSBIO_4_R1;P09;;;;;;;;;
20231117_TISTOF_EV_droui001_EXT00_094_TRP_P9_AMSBIO_5_R1_S1-G10_1_2894;P09_AMSBIO_5_R1;P09_AMSBIO_5_R1;P09;;;;;;;;;
20231117_TISTOF_EV_droui001_EXT00_095_TRP_P9_AMSBIO_6_R1_S1-G11_1_2895;P09_AMSBIO_6_R1;P09_AMSBIO_6_R1;P09;;;;;;;;;
20231117_TISTOF_EV_droui001_EXT00_138_TRP_P10_AMSBIO_1_R1_S2-D2_1_2938;P10_AMSBIO_1_R1;P10_AMSBIO_1_R1;P10;;;;;;;;;
20231117_TISTOF_EV_droui001_EXT00_139_TRP_P10_AMSBIO_2_R1_S2-D3_1_2939;P10_AMSBIO_2_R1;P10_AMSBIO_2_R1;P10;;;;;;;;;
20231117_TISTOF_EV_droui001_EXT00_140_TRP_P10_AMSBIO_3_R1_S2-D4_1_2940;P10_AMSBIO_3_R1;P10_AMSBIO_3_R1;P10;;;;;;;;;
20231117_TISTOF_EV_droui001_EXT00_142_TRP_P10_AMSBIO_old_1_S2-D5_1_2942;P10_AMSBIO_old_1;P10_AMSBIO_old_1;P10;;;;;;;;;
20231117_TISTOF_EV_droui001_EXT00_143_TRP_P10_AMSBIO_old_2_S2-D6_1_2943;P10_AMSBIO_old_2;P10_AMSBIO_old_2;P10;;;;;;;;;